"","yearID","franchID","W","WAR"
"1",1871,"BNA",20,NA
"2",1871,"CNA",19,NA
"3",1871,"CFC",10,NA
"4",1871,"KEK",7,NA
"5",1871,"NNA",16,NA
"6",1871,"PNA",21,NA
"7",1871,"ROK",4,NA
"8",1871,"TRO",13,0
"9",1871,"OLY",15,NA
"10",1872,"BLC",35,NA
"11",1872,"ECK",3,NA
"12",1872,"BRA",9,NA
"13",1872,"BNA",39,NA
"14",1872,"CFC",6,NA
"15",1872,"MAN",5,NA
"16",1872,"NNA",34,NA
"17",1872,"PNA",30,NA
"18",1872,"TRO",15,0
"19",1872,"OLY",2,NA
"20",1872,"NAT",0,NA
"21",1873,"BLC",34,NA
"22",1873,"MAR",0,NA
"23",1873,"BRA",17,NA
"24",1873,"BNA",43,NA
"25",1873,"RES",2,NA
"26",1873,"NNA",29,NA
"27",1873,"PNA",28,NA
"28",1873,"PWS",36,NA
"29",1873,"WBL",8,NA
"30",1874,"BLC",9,NA
"31",1874,"BRA",22,NA
"32",1874,"BNA",52,NA
"33",1874,"CNA",28,NA
"34",1874,"HNA",16,NA
"35",1874,"NNA",42,NA
"36",1874,"PNA",33,NA
"37",1874,"PWS",29,NA
"38",1875,"BRA",2,NA
"39",1875,"BNA",71,NA
"40",1875,"CNA",30,NA
"41",1875,"HNA",54,NA
"42",1875,"WES",1,NA
"43",1875,"NHV",7,NA
"44",1875,"NNA",30,NA
"45",1875,"PNA",53,NA
"46",1875,"PWS",37,NA
"47",1875,"CEN",2,NA
"48",1875,"SLR",4,NA
"49",1875,"SNA",39,NA
"50",1875,"WNT",5,NA
"51",1876,"ATL",39,NA
"52",1876,"CHC",52,NA
"53",1876,"CNR",9,NA
"54",1876,"HAR",47,0
"55",1876,"LGR",30,NA
"56",1876,"NYU",21,NA
"57",1876,"ATH",14,NA
"58",1876,"SBS",45,NA
"59",1877,"ATL",42,NA
"60",1877,"CHC",26,NA
"61",1877,"CNR",15,NA
"62",1877,"HAR",31,0
"63",1877,"LGR",35,NA
"64",1877,"SBS",28,NA
"65",1878,"ATL",41,NA
"66",1878,"CHC",30,NA
"67",1878,"CNR",37,NA
"68",1878,"IBL",24,NA
"69",1878,"MLG",15,NA
"70",1878,"PRO",33,0
"71",1879,"BUF",46,NA
"72",1879,"ATL",54,NA
"73",1879,"CHC",46,NA
"74",1879,"CBL",27,NA
"75",1879,"CNR",43,NA
"76",1879,"PRO",59,0
"77",1879,"SYR",22,NA
"78",1879,"TRT",19,NA
"79",1880,"BUF",24,NA
"80",1880,"ATL",40,NA
"81",1880,"CHC",67,NA
"82",1880,"CBL",47,NA
"83",1880,"CNR",21,NA
"84",1880,"PRO",52,0
"85",1880,"TRT",41,NA
"86",1880,"WOR",40,0
"87",1881,"BUF",45,NA
"88",1881,"ATL",38,NA
"89",1881,"CHC",56,NA
"90",1881,"CBL",36,NA
"91",1881,"DTN",41,0
"92",1881,"PRO",47,0
"93",1881,"TRT",39,NA
"94",1881,"WOR",32,0
"95",1882,"BUF",45,NA
"96",1882,"BLO",19,NA
"97",1882,"ATL",45,NA
"98",1882,"CHC",55,NA
"99",1882,"CBL",42,NA
"100",1882,"CIN",55,NA
"101",1882,"DTN",42,0
"102",1882,"LOU",42,NA
"103",1882,"PHA",41,NA
"104",1882,"PRO",52,0
"105",1882,"PIT",39,NA
"106",1882,"STL",37,NA
"107",1882,"TRT",35,NA
"108",1882,"WOR",18,0
"109",1883,"BUF",52,NA
"110",1883,"BLO",28,NA
"111",1883,"ATL",63,NA
"112",1883,"CHC",59,NA
"113",1883,"CBL",55,NA
"114",1883,"CBK",32,NA
"115",1883,"CIN",61,NA
"116",1883,"DTN",40,0
"117",1883,"LOU",52,NA
"118",1883,"SFG",46,NA
"119",1883,"NYP",54,NA
"120",1883,"PHA",66,NA
"121",1883,"PHI",17,0
"122",1883,"PRO",58,0
"123",1883,"PIT",31,NA
"124",1883,"STL",65,NA
"125",1884,"ALT",6,0
"126",1884,"BUF",64,NA
"127",1884,"BLO",63,NA
"128",1884,"BLU",58,0
"129",1884,"LAD",40,NA
"130",1884,"ATL",73,NA
"131",1884,"BRD",58,NA
"132",1884,"CHC",62,NA
"133",1884,"CPI",41,NA
"134",1884,"CBL",35,NA
"135",1884,"CBK",69,NA
"136",1884,"CIN",68,NA
"137",1884,"COR",69,NA
"138",1884,"DTN",28,0
"139",1884,"IHO",29,NA
"140",1884,"KCU",16,0
"141",1884,"LOU",68,NA
"142",1884,"MLU",8,0
"143",1884,"SFG",62,NA
"144",1884,"NYP",75,NA
"145",1884,"PHA",61,NA
"146",1884,"PHI",39,0
"147",1884,"PHK",21,NA
"148",1884,"PRO",84,0
"149",1884,"PIT",30,NA
"150",1884,"RIC",12,0
"151",1884,"STL",67,NA
"152",1884,"SLM",94,NA
"153",1884,"STP",2,NA
"154",1884,"TOL",46,NA
"155",1884,"WIL",2,0
"156",1884,"WST",12,NA
"157",1884,"WNA",47,NA
"158",1885,"BUF",38,NA
"159",1885,"BLO",41,NA
"160",1885,"LAD",53,NA
"161",1885,"ATL",46,NA
"162",1885,"CHC",87,NA
"163",1885,"CIN",63,NA
"164",1885,"DTN",41,0
"165",1885,"LOU",53,NA
"166",1885,"SFG",85,NA
"167",1885,"NYP",44,NA
"168",1885,"PHA",55,NA
"169",1885,"PHI",56,0
"170",1885,"PRO",53,0
"171",1885,"PIT",56,NA
"172",1885,"STL",79,NA
"173",1885,"SLM",36,NA
"174",1886,"BLO",48,NA
"175",1886,"LAD",76,NA
"176",1886,"ATL",56,NA
"177",1886,"CHC",90,NA
"178",1886,"CIN",65,NA
"179",1886,"DTN",87,0
"180",1886,"KCN",30,0
"181",1886,"LOU",66,NA
"182",1886,"SFG",75,NA
"183",1886,"NYP",53,NA
"184",1886,"PHA",63,NA
"185",1886,"PHI",71,0
"186",1886,"PIT",80,NA
"187",1886,"STL",93,NA
"188",1886,"SLM",43,NA
"189",1886,"WNL",28,NA
"190",1887,"BLO",77,NA
"191",1887,"LAD",60,NA
"192",1887,"ATL",61,NA
"193",1887,"CHC",71,NA
"194",1887,"CLV",39,NA
"195",1887,"CIN",81,NA
"196",1887,"DTN",79,0
"197",1887,"IND",37,NA
"198",1887,"LOU",76,NA
"199",1887,"SFG",68,NA
"200",1887,"NYP",44,NA
"201",1887,"PHA",64,NA
"202",1887,"PHI",75,0
"203",1887,"PIT",55,0
"204",1887,"STL",95,NA
"205",1887,"WNL",46,NA
"206",1888,"BLO",57,NA
"207",1888,"LAD",88,NA
"208",1888,"ATL",70,NA
"209",1888,"CHC",77,NA
"210",1888,"CLV",50,NA
"211",1888,"CIN",80,NA
"212",1888,"DTN",68,0
"213",1888,"IND",50,NA
"214",1888,"KCC",43,NA
"215",1888,"LOU",48,NA
"216",1888,"SFG",84,NA
"217",1888,"PHA",81,NA
"218",1888,"PHI",69,0
"219",1888,"PIT",66,0
"220",1888,"STL",92,NA
"221",1888,"WNL",48,NA
"222",1889,"BLO",70,NA
"223",1889,"LAD",93,NA
"224",1889,"ATL",83,NA
"225",1889,"CHC",67,NA
"226",1889,"CLV",61,NA
"227",1889,"CLS",60,NA
"228",1889,"CIN",76,NA
"229",1889,"IND",59,NA
"230",1889,"KCC",55,NA
"231",1889,"LOU",27,NA
"232",1889,"SFG",83,NA
"233",1889,"PHA",75,NA
"234",1889,"PHI",63,0
"235",1889,"PIT",61,0
"236",1889,"STL",90,NA
"237",1889,"WNL",41,NA
"238",1890,"BFB",36,NA
"239",1890,"BLO",15,NA
"240",1890,"BRG",26,NA
"241",1890,"LAD",86,NA
"242",1890,"BWW",76,NA
"243",1890,"ATL",76,NA
"244",1890,"BRS",81,NA
"245",1890,"CHC",83,NA
"246",1890,"CHP",75,0
"247",1890,"CIN",77,0
"248",1890,"CLV",44,NA
"249",1890,"CLS",79,NA
"250",1890,"CLI",55,NA
"251",1890,"LOU",88,NA
"252",1890,"SFG",63,NA
"253",1890,"NYI",74,NA
"254",1890,"PHA",54,NA
"255",1890,"PHI",78,0
"256",1890,"PHQ",68,NA
"257",1890,"PIT",23,0
"258",1890,"PBB",60,NA
"259",1890,"ROC",63,NA
"260",1890,"STL",78,NA
"261",1890,"SYS",55,NA
"262",1890,"TLM",68,NA
"263",1891,"BLO",71,NA
"264",1891,"LAD",61,NA
"265",1891,"BRS",93,NA
"266",1891,"ATL",87,NA
"267",1891,"CHC",82,NA
"268",1891,"CIN",56,0
"269",1891,"CLV",65,NA
"270",1891,"CLS",61,NA
"271",1891,"CKK",43,NA
"272",1891,"LOU",54,NA
"273",1891,"MLA",21,NA
"274",1891,"SFG",71,NA
"275",1891,"PHQ",73,NA
"276",1891,"PHI",68,0
"277",1891,"PIT",55,0
"278",1891,"STL",85,NA
"279",1891,"WAS",44,NA
"280",1892,"BLO",46,NA
"281",1892,"LAD",95,NA
"282",1892,"ATL",102,NA
"283",1892,"CHC",70,NA
"284",1892,"CIN",82,0
"285",1892,"CLV",93,NA
"286",1892,"LOU",63,NA
"287",1892,"SFG",71,NA
"288",1892,"PHI",87,0
"289",1892,"PIT",80,0
"290",1892,"STL",56,NA
"291",1892,"WAS",58,NA
"292",1893,"BLO",60,NA
"293",1893,"LAD",65,NA
"294",1893,"ATL",86,NA
"295",1893,"CHC",56,NA
"296",1893,"CIN",65,0
"297",1893,"CLV",73,NA
"298",1893,"LOU",50,NA
"299",1893,"SFG",68,NA
"300",1893,"PHI",72,0
"301",1893,"PIT",81,0
"302",1893,"STL",57,NA
"303",1893,"WAS",40,NA
"304",1894,"BLO",89,NA
"305",1894,"LAD",70,NA
"306",1894,"ATL",83,NA
"307",1894,"CHC",57,NA
"308",1894,"CIN",55,0
"309",1894,"CLV",68,NA
"310",1894,"LOU",36,NA
"311",1894,"SFG",88,NA
"312",1894,"PHI",71,0
"313",1894,"PIT",65,0
"314",1894,"STL",56,NA
"315",1894,"WAS",45,NA
"316",1895,"BLO",87,NA
"317",1895,"LAD",71,NA
"318",1895,"ATL",71,NA
"319",1895,"CHC",72,NA
"320",1895,"CIN",66,0
"321",1895,"CLV",84,NA
"322",1895,"LOU",35,NA
"323",1895,"SFG",66,NA
"324",1895,"PHI",78,0
"325",1895,"PIT",71,0
"326",1895,"STL",39,NA
"327",1895,"WAS",43,NA
"328",1896,"BLO",90,NA
"329",1896,"LAD",58,NA
"330",1896,"ATL",74,NA
"331",1896,"CHC",71,NA
"332",1896,"CIN",77,0
"333",1896,"CLV",80,NA
"334",1896,"LOU",38,NA
"335",1896,"SFG",64,NA
"336",1896,"PHI",62,0
"337",1896,"PIT",66,0
"338",1896,"STL",40,NA
"339",1896,"WAS",58,NA
"340",1897,"BLO",90,NA
"341",1897,"LAD",61,NA
"342",1897,"ATL",93,NA
"343",1897,"CHC",59,NA
"344",1897,"CIN",76,0
"345",1897,"CLV",69,NA
"346",1897,"LOU",52,NA
"347",1897,"SFG",83,NA
"348",1897,"PHI",55,0
"349",1897,"PIT",60,0
"350",1897,"STL",29,NA
"351",1897,"WAS",61,NA
"352",1898,"BLO",96,NA
"353",1898,"LAD",54,NA
"354",1898,"ATL",102,NA
"355",1898,"CHC",85,NA
"356",1898,"CIN",92,0
"357",1898,"CLV",81,NA
"358",1898,"LOU",70,NA
"359",1898,"SFG",77,NA
"360",1898,"PHI",78,0
"361",1898,"PIT",72,0
"362",1898,"STL",39,NA
"363",1898,"WAS",51,NA
"364",1899,"BLO",86,NA
"365",1899,"LAD",101,NA
"366",1899,"ATL",95,NA
"367",1899,"CHC",75,NA
"368",1899,"CIN",83,0
"369",1899,"CLV",20,NA
"370",1899,"LOU",75,NA
"371",1899,"SFG",60,NA
"372",1899,"PHI",94,0
"373",1899,"PIT",76,0
"374",1899,"STL",84,NA
"375",1899,"WAS",54,NA
"376",1900,"LAD",82,NA
"377",1900,"ATL",66,NA
"378",1900,"CHC",65,NA
"379",1900,"CIN",62,0
"380",1900,"SFG",60,NA
"381",1900,"PHI",75,0
"382",1900,"PIT",79,0
"383",1900,"STL",65,NA
"384",1901,"NYY",68,NA
"385",1901,"BOS",79,0
"386",1901,"LAD",79,NA
"387",1901,"ATL",69,NA
"388",1901,"CHW",83,NA
"389",1901,"CHC",53,NA
"390",1901,"CIN",52,0
"391",1901,"CLE",54,0
"392",1901,"DET",74,0
"393",1901,"BAL",48,NA
"394",1901,"SFG",52,NA
"395",1901,"OAK",74,NA
"396",1901,"PHI",83,0
"397",1901,"PIT",90,0
"398",1901,"STL",76,NA
"399",1901,"MIN",61,NA
"400",1902,"NYY",50,NA
"401",1902,"BOS",77,0
"402",1902,"LAD",75,NA
"403",1902,"ATL",73,NA
"404",1902,"CHW",74,NA
"405",1902,"CHC",68,NA
"406",1902,"CIN",70,0
"407",1902,"CLE",69,0
"408",1902,"DET",52,0
"409",1902,"SFG",48,NA
"410",1902,"OAK",83,NA
"411",1902,"PHI",56,0
"412",1902,"PIT",103,0
"413",1902,"BAL",78,NA
"414",1902,"STL",56,NA
"415",1902,"MIN",61,NA
"416",1903,"BOS",91,0
"417",1903,"LAD",70,NA
"418",1903,"ATL",58,NA
"419",1903,"CHW",60,NA
"420",1903,"CHC",82,NA
"421",1903,"CIN",74,0
"422",1903,"CLE",77,0
"423",1903,"DET",65,0
"424",1903,"SFG",84,NA
"425",1903,"NYY",72,NA
"426",1903,"OAK",75,NA
"427",1903,"PHI",49,0
"428",1903,"PIT",91,0
"429",1903,"BAL",65,NA
"430",1903,"STL",43,NA
"431",1903,"MIN",43,NA
"432",1904,"BOS",95,0
"433",1904,"LAD",56,NA
"434",1904,"ATL",55,NA
"435",1904,"CHW",89,NA
"436",1904,"CHC",93,NA
"437",1904,"CIN",88,0
"438",1904,"CLE",86,0
"439",1904,"DET",62,0
"440",1904,"SFG",106,NA
"441",1904,"NYY",92,NA
"442",1904,"OAK",81,NA
"443",1904,"PHI",52,0
"444",1904,"PIT",87,0
"445",1904,"BAL",65,NA
"446",1904,"STL",75,NA
"447",1904,"MIN",38,NA
"448",1905,"BOS",78,0
"449",1905,"LAD",48,NA
"450",1905,"ATL",51,NA
"451",1905,"CHW",92,NA
"452",1905,"CHC",92,NA
"453",1905,"CIN",79,0
"454",1905,"CLE",76,0
"455",1905,"DET",79,0
"456",1905,"SFG",105,NA
"457",1905,"NYY",71,NA
"458",1905,"OAK",92,NA
"459",1905,"PHI",83,0
"460",1905,"PIT",96,0
"461",1905,"BAL",54,NA
"462",1905,"STL",58,NA
"463",1905,"MIN",64,NA
"464",1906,"BOS",49,0
"465",1906,"LAD",66,NA
"466",1906,"ATL",49,NA
"467",1906,"CHW",93,NA
"468",1906,"CHC",116,NA
"469",1906,"CIN",64,0
"470",1906,"CLE",89,0
"471",1906,"DET",71,0
"472",1906,"SFG",96,NA
"473",1906,"NYY",90,NA
"474",1906,"OAK",78,NA
"475",1906,"PHI",71,0
"476",1906,"PIT",93,0
"477",1906,"BAL",76,NA
"478",1906,"STL",52,NA
"479",1906,"MIN",55,NA
"480",1907,"BOS",59,0
"481",1907,"LAD",65,NA
"482",1907,"ATL",58,NA
"483",1907,"CHW",87,NA
"484",1907,"CHC",107,NA
"485",1907,"CIN",66,0
"486",1907,"CLE",85,0
"487",1907,"DET",92,0
"488",1907,"SFG",82,NA
"489",1907,"NYY",70,NA
"490",1907,"OAK",88,NA
"491",1907,"PHI",83,0
"492",1907,"PIT",91,0
"493",1907,"BAL",69,NA
"494",1907,"STL",52,NA
"495",1907,"MIN",49,NA
"496",1908,"BOS",75,0
"497",1908,"LAD",53,NA
"498",1908,"ATL",63,NA
"499",1908,"CHW",88,NA
"500",1908,"CHC",99,NA
"501",1908,"CIN",73,0
"502",1908,"CLE",90,0
"503",1908,"DET",90,0
"504",1908,"SFG",98,NA
"505",1908,"NYY",51,NA
"506",1908,"OAK",68,NA
"507",1908,"PHI",83,0
"508",1908,"PIT",98,0
"509",1908,"BAL",83,NA
"510",1908,"STL",49,NA
"511",1908,"MIN",67,NA
"512",1909,"BOS",88,0
"513",1909,"LAD",55,NA
"514",1909,"ATL",45,NA
"515",1909,"CHW",78,NA
"516",1909,"CHC",104,NA
"517",1909,"CIN",77,0
"518",1909,"CLE",71,0
"519",1909,"DET",98,0
"520",1909,"SFG",92,NA
"521",1909,"NYY",74,NA
"522",1909,"OAK",95,NA
"523",1909,"PHI",74,0
"524",1909,"PIT",110,0
"525",1909,"BAL",61,NA
"526",1909,"STL",54,NA
"527",1909,"MIN",42,NA
"528",1910,"BOS",81,0
"529",1910,"LAD",64,NA
"530",1910,"ATL",53,NA
"531",1910,"CHW",68,NA
"532",1910,"CHC",104,NA
"533",1910,"CIN",75,0
"534",1910,"CLE",71,0
"535",1910,"DET",86,0
"536",1910,"SFG",91,NA
"537",1910,"NYY",88,NA
"538",1910,"OAK",102,NA
"539",1910,"PHI",78,0
"540",1910,"PIT",86,0
"541",1910,"BAL",47,NA
"542",1910,"STL",63,NA
"543",1910,"MIN",66,NA
"544",1911,"BOS",78,0
"545",1911,"LAD",64,NA
"546",1911,"ATL",44,NA
"547",1911,"CHW",77,NA
"548",1911,"CHC",92,NA
"549",1911,"CIN",70,0
"550",1911,"CLE",80,0
"551",1911,"DET",89,0
"552",1911,"SFG",99,NA
"553",1911,"NYY",76,NA
"554",1911,"OAK",101,NA
"555",1911,"PHI",79,0
"556",1911,"PIT",85,0
"557",1911,"BAL",45,NA
"558",1911,"STL",75,NA
"559",1911,"MIN",64,NA
"560",1912,"BOS",105,0
"561",1912,"LAD",58,NA
"562",1912,"ATL",52,NA
"563",1912,"CHW",78,NA
"564",1912,"CHC",91,NA
"565",1912,"CIN",75,0
"566",1912,"CLE",75,0
"567",1912,"DET",69,0
"568",1912,"SFG",103,NA
"569",1912,"NYY",50,NA
"570",1912,"OAK",90,NA
"571",1912,"PHI",73,0
"572",1912,"PIT",93,0
"573",1912,"BAL",53,NA
"574",1912,"STL",63,NA
"575",1912,"MIN",91,NA
"576",1913,"BOS",79,0
"577",1913,"LAD",65,NA
"578",1913,"ATL",69,NA
"579",1913,"CHW",78,NA
"580",1913,"CHC",88,NA
"581",1913,"CIN",64,0
"582",1913,"CLE",86,0
"583",1913,"DET",66,0
"584",1913,"SFG",101,NA
"585",1913,"NYY",57,NA
"586",1913,"OAK",96,NA
"587",1913,"PHI",88,0
"588",1913,"PIT",78,0
"589",1913,"BAL",57,NA
"590",1913,"STL",51,NA
"591",1913,"MIN",90,NA
"592",1914,"BLT",84,NA
"593",1914,"BOS",91,0
"594",1914,"BTT",77,NA
"595",1914,"LAD",75,NA
"596",1914,"ATL",94,NA
"597",1914,"BFL",80,NA
"598",1914,"CHW",70,NA
"599",1914,"CHH",87,NA
"600",1914,"CHC",78,NA
"601",1914,"CIN",60,0
"602",1914,"CLE",51,0
"603",1914,"DET",80,0
"604",1914,"NEW",88,NA
"605",1914,"KCP",67,NA
"606",1914,"SFG",84,NA
"607",1914,"NYY",70,NA
"608",1914,"OAK",99,NA
"609",1914,"PHI",74,0
"610",1914,"PIT",69,0
"611",1914,"PBS",64,NA
"612",1914,"BAL",71,NA
"613",1914,"SLI",62,NA
"614",1914,"STL",81,NA
"615",1914,"MIN",81,NA
"616",1915,"BLT",47,NA
"617",1915,"BOS",101,0
"618",1915,"BTT",70,NA
"619",1915,"LAD",80,NA
"620",1915,"ATL",83,NA
"621",1915,"BFL",74,NA
"622",1915,"CHW",93,NA
"623",1915,"CHH",86,NA
"624",1915,"CHC",73,NA
"625",1915,"CIN",71,0
"626",1915,"CLE",57,0
"627",1915,"DET",100,0
"628",1915,"KCP",81,NA
"629",1915,"NEW",80,0
"630",1915,"SFG",69,NA
"631",1915,"NYY",69,NA
"632",1915,"OAK",43,NA
"633",1915,"PHI",90,0
"634",1915,"PIT",73,0
"635",1915,"PBS",86,NA
"636",1915,"BAL",63,NA
"637",1915,"SLI",87,NA
"638",1915,"STL",72,NA
"639",1915,"MIN",85,NA
"640",1916,"BOS",91,0
"641",1916,"LAD",94,NA
"642",1916,"ATL",89,NA
"643",1916,"CHW",89,NA
"644",1916,"CHC",67,NA
"645",1916,"CIN",60,0
"646",1916,"CLE",77,0
"647",1916,"DET",87,0
"648",1916,"SFG",86,NA
"649",1916,"NYY",80,NA
"650",1916,"OAK",36,NA
"651",1916,"PHI",91,0
"652",1916,"PIT",65,0
"653",1916,"BAL",79,NA
"654",1916,"STL",60,NA
"655",1916,"MIN",76,NA
"656",1917,"BOS",90,0
"657",1917,"LAD",70,NA
"658",1917,"ATL",72,NA
"659",1917,"CHW",100,NA
"660",1917,"CHC",74,NA
"661",1917,"CIN",78,0
"662",1917,"CLE",88,0
"663",1917,"DET",78,0
"664",1917,"SFG",98,NA
"665",1917,"NYY",71,NA
"666",1917,"OAK",55,NA
"667",1917,"PHI",87,0
"668",1917,"PIT",51,0
"669",1917,"BAL",57,NA
"670",1917,"STL",82,NA
"671",1917,"MIN",74,NA
"672",1918,"BOS",75,0
"673",1918,"LAD",57,NA
"674",1918,"ATL",53,NA
"675",1918,"CHW",57,NA
"676",1918,"CHC",84,NA
"677",1918,"CIN",68,0
"678",1918,"CLE",73,0
"679",1918,"DET",55,0
"680",1918,"SFG",71,NA
"681",1918,"NYY",60,NA
"682",1918,"OAK",52,NA
"683",1918,"PHI",55,0
"684",1918,"PIT",65,0
"685",1918,"BAL",58,NA
"686",1918,"STL",51,NA
"687",1918,"MIN",72,NA
"688",1919,"BOS",66,0
"689",1919,"LAD",69,NA
"690",1919,"ATL",57,NA
"691",1919,"CHW",88,NA
"692",1919,"CHC",75,NA
"693",1919,"CIN",96,0
"694",1919,"CLE",84,0
"695",1919,"DET",80,0
"696",1919,"SFG",87,NA
"697",1919,"NYY",80,NA
"698",1919,"OAK",36,NA
"699",1919,"PHI",47,0
"700",1919,"PIT",71,0
"701",1919,"BAL",67,NA
"702",1919,"STL",54,NA
"703",1919,"MIN",56,NA
"704",1920,"BOS",72,0
"705",1920,"LAD",93,NA
"706",1920,"ATL",62,NA
"707",1920,"CHW",96,NA
"708",1920,"CHC",75,NA
"709",1920,"CIN",82,0
"710",1920,"CLE",98,0
"711",1920,"DET",61,0
"712",1920,"SFG",86,NA
"713",1920,"NYY",95,NA
"714",1920,"OAK",48,NA
"715",1920,"PHI",62,0
"716",1920,"PIT",79,0
"717",1920,"BAL",76,NA
"718",1920,"STL",75,NA
"719",1920,"MIN",68,NA
"720",1921,"BOS",75,0
"721",1921,"LAD",77,NA
"722",1921,"ATL",79,NA
"723",1921,"CHW",62,NA
"724",1921,"CHC",64,NA
"725",1921,"CIN",70,0
"726",1921,"CLE",94,0
"727",1921,"DET",71,0
"728",1921,"SFG",94,NA
"729",1921,"NYY",98,NA
"730",1921,"OAK",53,NA
"731",1921,"PHI",51,0
"732",1921,"PIT",90,0
"733",1921,"BAL",81,NA
"734",1921,"STL",87,NA
"735",1921,"MIN",80,NA
"736",1922,"BOS",61,0
"737",1922,"LAD",76,NA
"738",1922,"ATL",53,NA
"739",1922,"CHW",77,NA
"740",1922,"CHC",80,NA
"741",1922,"CIN",86,0
"742",1922,"CLE",78,0
"743",1922,"DET",79,0
"744",1922,"SFG",93,NA
"745",1922,"NYY",94,NA
"746",1922,"OAK",65,NA
"747",1922,"PHI",57,0
"748",1922,"PIT",85,0
"749",1922,"BAL",93,NA
"750",1922,"STL",85,NA
"751",1922,"MIN",69,NA
"752",1923,"BOS",61,0
"753",1923,"LAD",76,NA
"754",1923,"ATL",54,NA
"755",1923,"CHW",69,NA
"756",1923,"CHC",83,NA
"757",1923,"CIN",91,0
"758",1923,"CLE",82,0
"759",1923,"DET",83,0
"760",1923,"SFG",95,NA
"761",1923,"NYY",98,NA
"762",1923,"OAK",69,NA
"763",1923,"PHI",50,0
"764",1923,"PIT",87,0
"765",1923,"BAL",74,NA
"766",1923,"STL",79,NA
"767",1923,"MIN",75,NA
"768",1924,"BOS",67,0
"769",1924,"LAD",92,NA
"770",1924,"ATL",53,NA
"771",1924,"CHW",66,NA
"772",1924,"CHC",81,NA
"773",1924,"CIN",83,0
"774",1924,"CLE",67,0
"775",1924,"DET",86,0
"776",1924,"SFG",93,NA
"777",1924,"NYY",89,NA
"778",1924,"OAK",71,NA
"779",1924,"PHI",55,0
"780",1924,"PIT",90,0
"781",1924,"BAL",74,NA
"782",1924,"STL",65,NA
"783",1924,"MIN",92,NA
"784",1925,"BOS",47,0
"785",1925,"LAD",68,NA
"786",1925,"ATL",70,NA
"787",1925,"CHW",79,NA
"788",1925,"CHC",68,NA
"789",1925,"CIN",80,0
"790",1925,"CLE",70,0
"791",1925,"DET",81,0
"792",1925,"SFG",86,NA
"793",1925,"NYY",69,NA
"794",1925,"OAK",88,NA
"795",1925,"PHI",68,0
"796",1925,"PIT",95,0
"797",1925,"BAL",82,NA
"798",1925,"STL",77,NA
"799",1925,"MIN",96,NA
"800",1926,"BOS",46,0
"801",1926,"LAD",71,NA
"802",1926,"ATL",66,NA
"803",1926,"CHW",81,NA
"804",1926,"CHC",82,NA
"805",1926,"CIN",87,0
"806",1926,"CLE",88,0
"807",1926,"DET",79,0
"808",1926,"SFG",74,NA
"809",1926,"NYY",91,NA
"810",1926,"OAK",83,NA
"811",1926,"PHI",58,0
"812",1926,"PIT",84,0
"813",1926,"BAL",62,NA
"814",1926,"STL",89,NA
"815",1926,"MIN",81,NA
"816",1927,"BOS",51,0
"817",1927,"LAD",65,NA
"818",1927,"ATL",60,NA
"819",1927,"CHW",70,NA
"820",1927,"CHC",85,NA
"821",1927,"CIN",75,0
"822",1927,"CLE",66,0
"823",1927,"DET",82,0
"824",1927,"SFG",92,NA
"825",1927,"NYY",110,NA
"826",1927,"OAK",91,NA
"827",1927,"PHI",51,0
"828",1927,"PIT",94,0
"829",1927,"BAL",59,NA
"830",1927,"STL",92,NA
"831",1927,"MIN",85,NA
"832",1928,"BOS",57,0
"833",1928,"LAD",77,NA
"834",1928,"ATL",50,NA
"835",1928,"CHW",72,NA
"836",1928,"CHC",91,NA
"837",1928,"CIN",78,0
"838",1928,"CLE",62,0
"839",1928,"DET",68,0
"840",1928,"SFG",93,NA
"841",1928,"NYY",101,NA
"842",1928,"OAK",98,NA
"843",1928,"PHI",43,0
"844",1928,"PIT",85,0
"845",1928,"BAL",82,NA
"846",1928,"STL",95,NA
"847",1928,"MIN",75,NA
"848",1929,"BOS",58,0
"849",1929,"LAD",70,NA
"850",1929,"ATL",56,NA
"851",1929,"CHW",59,NA
"852",1929,"CHC",98,NA
"853",1929,"CIN",66,0
"854",1929,"CLE",81,0
"855",1929,"DET",70,0
"856",1929,"SFG",84,NA
"857",1929,"NYY",88,NA
"858",1929,"OAK",104,NA
"859",1929,"PHI",71,0
"860",1929,"PIT",88,0
"861",1929,"BAL",79,NA
"862",1929,"STL",78,NA
"863",1929,"MIN",71,NA
"864",1930,"BOS",52,0
"865",1930,"LAD",86,NA
"866",1930,"ATL",70,NA
"867",1930,"CHW",62,NA
"868",1930,"CHC",90,NA
"869",1930,"CIN",59,0
"870",1930,"CLE",81,0
"871",1930,"DET",75,0
"872",1930,"SFG",87,NA
"873",1930,"NYY",86,NA
"874",1930,"OAK",102,NA
"875",1930,"PHI",52,0
"876",1930,"PIT",80,0
"877",1930,"BAL",64,NA
"878",1930,"STL",92,NA
"879",1930,"MIN",94,NA
"880",1931,"BOS",62,0
"881",1931,"LAD",79,NA
"882",1931,"ATL",64,NA
"883",1931,"CHW",56,NA
"884",1931,"CHC",84,NA
"885",1931,"CIN",58,0
"886",1931,"CLE",78,0
"887",1931,"DET",61,0
"888",1931,"SFG",87,NA
"889",1931,"NYY",94,NA
"890",1931,"OAK",107,NA
"891",1931,"PHI",66,0
"892",1931,"PIT",75,0
"893",1931,"BAL",63,NA
"894",1931,"STL",101,NA
"895",1931,"MIN",92,NA
"896",1932,"BOS",43,0
"897",1932,"LAD",81,NA
"898",1932,"ATL",77,NA
"899",1932,"CHW",49,NA
"900",1932,"CHC",90,NA
"901",1932,"CIN",60,0
"902",1932,"CLE",87,0
"903",1932,"DET",76,0
"904",1932,"SFG",72,NA
"905",1932,"NYY",107,NA
"906",1932,"OAK",94,NA
"907",1932,"PHI",78,0
"908",1932,"PIT",86,0
"909",1932,"BAL",63,NA
"910",1932,"STL",72,NA
"911",1932,"MIN",93,NA
"912",1933,"BOS",63,0
"913",1933,"LAD",65,NA
"914",1933,"ATL",83,NA
"915",1933,"CHW",67,NA
"916",1933,"CHC",86,NA
"917",1933,"CIN",58,0
"918",1933,"CLE",75,0
"919",1933,"DET",75,0
"920",1933,"SFG",91,NA
"921",1933,"NYY",91,NA
"922",1933,"OAK",79,NA
"923",1933,"PHI",60,0
"924",1933,"PIT",87,0
"925",1933,"BAL",55,NA
"926",1933,"STL",82,NA
"927",1933,"MIN",99,NA
"928",1934,"BOS",76,0
"929",1934,"LAD",71,NA
"930",1934,"ATL",78,NA
"931",1934,"CHW",53,NA
"932",1934,"CHC",86,NA
"933",1934,"CIN",52,0
"934",1934,"CLE",85,0
"935",1934,"DET",101,0
"936",1934,"SFG",93,NA
"937",1934,"NYY",94,NA
"938",1934,"OAK",68,NA
"939",1934,"PHI",56,0
"940",1934,"PIT",74,0
"941",1934,"BAL",67,NA
"942",1934,"STL",95,NA
"943",1934,"MIN",66,NA
"944",1935,"BOS",78,0
"945",1935,"LAD",70,NA
"946",1935,"ATL",38,NA
"947",1935,"CHW",74,NA
"948",1935,"CHC",100,NA
"949",1935,"CIN",68,0
"950",1935,"CLE",82,0
"951",1935,"DET",93,0
"952",1935,"SFG",91,NA
"953",1935,"NYY",89,NA
"954",1935,"OAK",58,NA
"955",1935,"PHI",64,0
"956",1935,"PIT",86,0
"957",1935,"BAL",65,NA
"958",1935,"STL",96,NA
"959",1935,"MIN",67,NA
"960",1936,"BOS",74,0
"961",1936,"LAD",67,NA
"962",1936,"ATL",71,NA
"963",1936,"CHW",81,NA
"964",1936,"CHC",87,NA
"965",1936,"CIN",74,0
"966",1936,"CLE",80,0
"967",1936,"DET",83,0
"968",1936,"SFG",92,NA
"969",1936,"NYY",102,NA
"970",1936,"OAK",53,NA
"971",1936,"PHI",54,0
"972",1936,"PIT",84,0
"973",1936,"BAL",57,NA
"974",1936,"STL",87,NA
"975",1936,"MIN",82,NA
"976",1937,"BOS",80,0
"977",1937,"LAD",62,NA
"978",1937,"ATL",79,NA
"979",1937,"CHW",86,NA
"980",1937,"CHC",93,NA
"981",1937,"CIN",56,0
"982",1937,"CLE",83,0
"983",1937,"DET",89,0
"984",1937,"SFG",95,NA
"985",1937,"NYY",102,NA
"986",1937,"OAK",54,NA
"987",1937,"PHI",61,0
"988",1937,"PIT",86,0
"989",1937,"BAL",46,NA
"990",1937,"STL",81,NA
"991",1937,"MIN",73,NA
"992",1938,"BOS",88,0
"993",1938,"LAD",69,NA
"994",1938,"ATL",77,NA
"995",1938,"CHW",65,NA
"996",1938,"CHC",89,NA
"997",1938,"CIN",82,0
"998",1938,"CLE",86,0
"999",1938,"DET",84,0
"1000",1938,"SFG",83,NA
"1001",1938,"NYY",99,NA
"1002",1938,"OAK",53,NA
"1003",1938,"PHI",45,0
"1004",1938,"PIT",86,0
"1005",1938,"BAL",55,NA
"1006",1938,"STL",71,NA
"1007",1938,"MIN",75,NA
"1008",1939,"BOS",89,0
"1009",1939,"LAD",84,NA
"1010",1939,"ATL",63,NA
"1011",1939,"CHW",85,NA
"1012",1939,"CHC",84,NA
"1013",1939,"CIN",97,0
"1014",1939,"CLE",87,0
"1015",1939,"DET",81,0
"1016",1939,"SFG",77,NA
"1017",1939,"NYY",106,NA
"1018",1939,"OAK",55,NA
"1019",1939,"PHI",45,0
"1020",1939,"PIT",68,0
"1021",1939,"BAL",43,NA
"1022",1939,"STL",92,NA
"1023",1939,"MIN",65,NA
"1024",1940,"BOS",82,0
"1025",1940,"LAD",88,NA
"1026",1940,"ATL",65,NA
"1027",1940,"CHW",82,NA
"1028",1940,"CHC",75,NA
"1029",1940,"CIN",100,0
"1030",1940,"CLE",89,0
"1031",1940,"DET",90,0
"1032",1940,"SFG",72,NA
"1033",1940,"NYY",88,NA
"1034",1940,"OAK",54,NA
"1035",1940,"PHI",50,0
"1036",1940,"PIT",78,0
"1037",1940,"BAL",67,NA
"1038",1940,"STL",84,NA
"1039",1940,"MIN",64,NA
"1040",1941,"BOS",84,0
"1041",1941,"LAD",100,NA
"1042",1941,"ATL",62,NA
"1043",1941,"CHW",77,NA
"1044",1941,"CHC",70,NA
"1045",1941,"CIN",88,0
"1046",1941,"CLE",75,0
"1047",1941,"DET",75,0
"1048",1941,"SFG",74,NA
"1049",1941,"NYY",101,NA
"1050",1941,"OAK",64,NA
"1051",1941,"PHI",43,0
"1052",1941,"PIT",81,0
"1053",1941,"BAL",70,NA
"1054",1941,"STL",97,NA
"1055",1941,"MIN",70,NA
"1056",1942,"BOS",93,0
"1057",1942,"LAD",104,NA
"1058",1942,"ATL",59,NA
"1059",1942,"CHW",66,NA
"1060",1942,"CHC",68,NA
"1061",1942,"CIN",76,0
"1062",1942,"CLE",75,0
"1063",1942,"DET",73,0
"1064",1942,"SFG",85,NA
"1065",1942,"NYY",103,NA
"1066",1942,"OAK",55,NA
"1067",1942,"PHI",42,0
"1068",1942,"PIT",66,0
"1069",1942,"BAL",82,NA
"1070",1942,"STL",106,NA
"1071",1942,"MIN",62,NA
"1072",1943,"BOS",68,0
"1073",1943,"LAD",81,NA
"1074",1943,"ATL",68,NA
"1075",1943,"CHW",82,NA
"1076",1943,"CHC",74,NA
"1077",1943,"CIN",87,0
"1078",1943,"CLE",82,0
"1079",1943,"DET",78,0
"1080",1943,"SFG",55,NA
"1081",1943,"NYY",98,NA
"1082",1943,"OAK",49,NA
"1083",1943,"PHI",64,0
"1084",1943,"PIT",80,0
"1085",1943,"BAL",72,NA
"1086",1943,"STL",105,NA
"1087",1943,"MIN",84,NA
"1088",1944,"BOS",77,0
"1089",1944,"LAD",63,NA
"1090",1944,"ATL",65,NA
"1091",1944,"CHW",71,NA
"1092",1944,"CHC",75,NA
"1093",1944,"CIN",89,0
"1094",1944,"CLE",72,0
"1095",1944,"DET",88,0
"1096",1944,"SFG",67,NA
"1097",1944,"NYY",83,NA
"1098",1944,"OAK",72,NA
"1099",1944,"PHI",61,0
"1100",1944,"PIT",90,0
"1101",1944,"BAL",89,NA
"1102",1944,"STL",105,NA
"1103",1944,"MIN",64,NA
"1104",1945,"BOS",71,0
"1105",1945,"LAD",87,NA
"1106",1945,"ATL",67,NA
"1107",1945,"CHW",71,NA
"1108",1945,"CHC",98,NA
"1109",1945,"CIN",61,0
"1110",1945,"CLE",73,0
"1111",1945,"DET",88,0
"1112",1945,"SFG",78,NA
"1113",1945,"NYY",81,NA
"1114",1945,"OAK",52,NA
"1115",1945,"PHI",46,0
"1116",1945,"PIT",82,0
"1117",1945,"BAL",81,NA
"1118",1945,"STL",95,NA
"1119",1945,"MIN",87,NA
"1120",1946,"BOS",104,0
"1121",1946,"LAD",96,NA
"1122",1946,"ATL",81,NA
"1123",1946,"CHW",74,NA
"1124",1946,"CHC",82,NA
"1125",1946,"CIN",67,0
"1126",1946,"CLE",68,0
"1127",1946,"DET",92,0
"1128",1946,"SFG",61,NA
"1129",1946,"NYY",87,NA
"1130",1946,"OAK",49,NA
"1131",1946,"PHI",69,0
"1132",1946,"PIT",63,0
"1133",1946,"BAL",66,NA
"1134",1946,"STL",98,NA
"1135",1946,"MIN",76,NA
"1136",1947,"BOS",83,0
"1137",1947,"LAD",94,NA
"1138",1947,"ATL",86,NA
"1139",1947,"CHW",70,NA
"1140",1947,"CHC",69,NA
"1141",1947,"CIN",73,0
"1142",1947,"CLE",80,0
"1143",1947,"DET",85,0
"1144",1947,"SFG",81,NA
"1145",1947,"NYY",97,NA
"1146",1947,"OAK",78,NA
"1147",1947,"PHI",62,0
"1148",1947,"PIT",62,0
"1149",1947,"BAL",59,NA
"1150",1947,"STL",89,NA
"1151",1947,"MIN",64,NA
"1152",1948,"BOS",96,0
"1153",1948,"LAD",84,NA
"1154",1948,"ATL",91,NA
"1155",1948,"CHW",51,NA
"1156",1948,"CHC",64,NA
"1157",1948,"CIN",64,0
"1158",1948,"CLE",97,0
"1159",1948,"DET",78,0
"1160",1948,"SFG",78,NA
"1161",1948,"NYY",94,NA
"1162",1948,"OAK",84,NA
"1163",1948,"PHI",66,0
"1164",1948,"PIT",83,0
"1165",1948,"BAL",59,NA
"1166",1948,"STL",85,NA
"1167",1948,"MIN",56,NA
"1168",1949,"BOS",96,35.23
"1169",1949,"LAD",97,NA
"1170",1949,"ATL",75,NA
"1171",1949,"CHW",63,NA
"1172",1949,"CHC",61,NA
"1173",1949,"CIN",62,18.36
"1174",1949,"CLE",89,30.17
"1175",1949,"DET",87,21.71
"1176",1949,"SFG",73,NA
"1177",1949,"NYY",97,NA
"1178",1949,"OAK",81,NA
"1179",1949,"PHI",81,18.26
"1180",1949,"PIT",71,18.53
"1181",1949,"BAL",53,NA
"1182",1949,"STL",96,NA
"1183",1949,"MIN",50,NA
"1184",1950,"BOS",94,26.72
"1185",1950,"LAD",89,NA
"1186",1950,"ATL",83,NA
"1187",1950,"CHW",60,NA
"1188",1950,"CHC",64,NA
"1189",1950,"CIN",66,22.61
"1190",1950,"CLE",92,30.98
"1191",1950,"DET",95,25.59
"1192",1950,"SFG",86,NA
"1193",1950,"NYY",98,NA
"1194",1950,"OAK",52,NA
"1195",1950,"PHI",91,33.06
"1196",1950,"PIT",57,21.36
"1197",1950,"BAL",58,NA
"1198",1950,"STL",78,NA
"1199",1950,"MIN",67,NA
"1200",1951,"BOS",87,49.51
"1201",1951,"LAD",97,NA
"1202",1951,"ATL",76,NA
"1203",1951,"CHW",81,NA
"1204",1951,"CHC",62,NA
"1205",1951,"CIN",68,4.76
"1206",1951,"CLE",93,57.34
"1207",1951,"DET",73,32.65
"1208",1951,"SFG",98,NA
"1209",1951,"NYY",98,NA
"1210",1951,"OAK",70,NA
"1211",1951,"PHI",73,28.01
"1212",1951,"PIT",64,13.37
"1213",1951,"BAL",52,NA
"1214",1951,"STL",81,NA
"1215",1951,"MIN",62,NA
"1216",1952,"BOS",76,36.45
"1217",1952,"LAD",96,NA
"1218",1952,"ATL",64,NA
"1219",1952,"CHW",81,NA
"1220",1952,"CHC",77,NA
"1221",1952,"CIN",69,-7.84
"1222",1952,"CLE",93,65.99
"1223",1952,"DET",50,36.64
"1224",1952,"SFG",92,NA
"1225",1952,"NYY",95,NA
"1226",1952,"OAK",79,NA
"1227",1952,"PHI",87,40.94
"1228",1952,"PIT",42,-2.24
"1229",1952,"BAL",64,NA
"1230",1952,"STL",88,NA
"1231",1952,"MIN",78,NA
"1232",1953,"BOS",84,28.4
"1233",1953,"LAD",105,NA
"1234",1953,"CHW",89,NA
"1235",1953,"CHC",65,NA
"1236",1953,"CIN",68,-10.4
"1237",1953,"CLE",92,67.82
"1238",1953,"DET",60,38.97
"1239",1953,"ATL",92,NA
"1240",1953,"SFG",70,NA
"1241",1953,"NYY",99,NA
"1242",1953,"OAK",59,NA
"1243",1953,"PHI",83,36.96
"1244",1953,"PIT",50,0.69
"1245",1953,"BAL",54,NA
"1246",1953,"STL",83,NA
"1247",1953,"MIN",76,NA
"1248",1954,"BAL",54,20.76
"1249",1954,"BOS",69,34.84
"1250",1954,"LAD",92,NA
"1251",1954,"CHW",94,NA
"1252",1954,"CHC",64,NA
"1253",1954,"CIN",74,-1.99
"1254",1954,"CLE",111,57.18
"1255",1954,"DET",68,41.66
"1256",1954,"ATL",89,NA
"1257",1954,"SFG",97,NA
"1258",1954,"NYY",103,NA
"1259",1954,"OAK",51,NA
"1260",1954,"PHI",75,31.92
"1261",1954,"PIT",53,-4.5
"1262",1954,"STL",72,NA
"1263",1954,"MIN",66,NA
"1264",1955,"BAL",57,15.03
"1265",1955,"BOS",84,42.42
"1266",1955,"LAD",98,NA
"1267",1955,"CHW",91,NA
"1268",1955,"CHC",72,NA
"1269",1955,"CIN",75,21.65
"1270",1955,"CLE",93,50.89
"1271",1955,"DET",79,52.13
"1272",1955,"OAK",63,NA
"1273",1955,"ATL",85,NA
"1274",1955,"SFG",80,NA
"1275",1955,"NYY",96,NA
"1276",1955,"PHI",77,38.18
"1277",1955,"PIT",60,-9.35
"1278",1955,"STL",68,NA
"1279",1955,"MIN",53,NA
"1280",1956,"BAL",69,28.35
"1281",1956,"BOS",84,34.42
"1282",1956,"LAD",93,NA
"1283",1956,"CHW",85,NA
"1284",1956,"CHC",60,NA
"1285",1956,"CIN",91,23.34
"1286",1956,"CLE",88,46.24
"1287",1956,"DET",82,48.95
"1288",1956,"OAK",52,NA
"1289",1956,"ATL",92,NA
"1290",1956,"SFG",67,NA
"1291",1956,"NYY",97,NA
"1292",1956,"PHI",71,27.45
"1293",1956,"PIT",66,10.36
"1294",1956,"STL",76,NA
"1295",1956,"MIN",59,NA
"1296",1957,"BAL",76,37.56
"1297",1957,"BOS",82,35.48
"1298",1957,"LAD",84,NA
"1299",1957,"CHW",90,NA
"1300",1957,"CHC",62,NA
"1301",1957,"CIN",80,20.71
"1302",1957,"CLE",76,31.53
"1303",1957,"DET",78,35.8
"1304",1957,"OAK",59,NA
"1305",1957,"ATL",95,NA
"1306",1957,"SFG",69,NA
"1307",1957,"NYY",98,NA
"1308",1957,"PHI",77,36.64
"1309",1957,"PIT",62,19.64
"1310",1957,"STL",87,NA
"1311",1957,"MIN",55,NA
"1312",1958,"BAL",74,32.1
"1313",1958,"BOS",79,22.66
"1314",1958,"CHW",82,NA
"1315",1958,"CHC",72,NA
"1316",1958,"CIN",76,8.28
"1317",1958,"CLE",77,36.28
"1318",1958,"DET",77,43.14
"1319",1958,"OAK",73,NA
"1320",1958,"LAD",71,NA
"1321",1958,"ATL",92,NA
"1322",1958,"NYY",92,NA
"1323",1958,"PHI",69,42.14
"1324",1958,"PIT",84,16.7
"1325",1958,"SFG",80,NA
"1326",1958,"STL",72,NA
"1327",1958,"MIN",61,NA
"1328",1959,"BAL",74,37.3
"1329",1959,"BOS",75,13.61
"1330",1959,"CHW",94,NA
"1331",1959,"CHC",74,NA
"1332",1959,"CIN",74,28.1
"1333",1959,"CLE",89,32.01
"1334",1959,"DET",76,10.37
"1335",1959,"OAK",66,NA
"1336",1959,"LAD",88,NA
"1337",1959,"ATL",86,NA
"1338",1959,"NYY",79,NA
"1339",1959,"PHI",64,26.87
"1340",1959,"PIT",78,35.55
"1341",1959,"SFG",83,NA
"1342",1959,"STL",71,NA
"1343",1959,"MIN",63,NA
"1344",1960,"BAL",89,42.09
"1345",1960,"BOS",65,12.82
"1346",1960,"CHW",87,NA
"1347",1960,"CHC",60,NA
"1348",1960,"CIN",67,26.49
"1349",1960,"CLE",76,24.21
"1350",1960,"DET",71,33.63
"1351",1960,"OAK",58,NA
"1352",1960,"LAD",82,NA
"1353",1960,"ATL",88,NA
"1354",1960,"NYY",97,NA
"1355",1960,"PHI",59,17.39
"1356",1960,"PIT",95,46.32
"1357",1960,"SFG",79,NA
"1358",1960,"STL",86,NA
"1359",1960,"MIN",73,NA
"1360",1961,"BAL",95,45.61
"1361",1961,"BOS",76,20.01
"1362",1961,"CHW",86,NA
"1363",1961,"CHC",64,NA
"1364",1961,"CIN",93,33.11
"1365",1961,"CLE",78,27.75
"1366",1961,"DET",101,53.41
"1367",1961,"OAK",61,NA
"1368",1961,"ANA",70,NA
"1369",1961,"LAD",89,NA
"1370",1961,"MIN",70,38.55
"1371",1961,"ATL",83,NA
"1372",1961,"NYY",109,NA
"1373",1961,"PHI",47,19.8
"1374",1961,"PIT",75,27.83
"1375",1961,"SFG",85,NA
"1376",1961,"STL",80,NA
"1377",1961,"TEX",61,NA
"1378",1962,"BAL",77,33.01
"1379",1962,"BOS",76,23.97
"1380",1962,"CHW",85,NA
"1381",1962,"CHC",59,NA
"1382",1962,"CIN",98,38.83
"1383",1962,"CLE",80,11.48
"1384",1962,"DET",85,31.14
"1385",1962,"HOU",64,27.19
"1386",1962,"OAK",72,NA
"1387",1962,"ANA",86,NA
"1388",1962,"LAD",102,NA
"1389",1962,"MIN",91,56.53
"1390",1962,"ATL",86,NA
"1391",1962,"NYY",96,NA
"1392",1962,"NYM",40,NA
"1393",1962,"PHI",81,32.94
"1394",1962,"PIT",93,28.73
"1395",1962,"SFG",103,NA
"1396",1962,"STL",84,NA
"1397",1962,"TEX",60,NA
"1398",1963,"BAL",86,30.4
"1399",1963,"BOS",76,23.46
"1400",1963,"CHW",94,NA
"1401",1963,"CHC",82,NA
"1402",1963,"CIN",86,30.59
"1403",1963,"CLE",79,40.77
"1404",1963,"DET",79,39.25
"1405",1963,"HOU",66,-3.48
"1406",1963,"OAK",73,NA
"1407",1963,"ANA",70,NA
"1408",1963,"LAD",99,NA
"1409",1963,"MIN",91,54.23
"1410",1963,"ATL",84,NA
"1411",1963,"NYY",104,NA
"1412",1963,"NYM",51,NA
"1413",1963,"PHI",87,48.53
"1414",1963,"PIT",74,28.96
"1415",1963,"SFG",88,NA
"1416",1963,"STL",93,NA
"1417",1963,"TEX",56,NA
"1418",1964,"BAL",97,50.16
"1419",1964,"BOS",72,10.18
"1420",1964,"CHW",98,NA
"1421",1964,"CHC",76,NA
"1422",1964,"CIN",92,42.46
"1423",1964,"CLE",79,39.47
"1424",1964,"DET",85,42.48
"1425",1964,"HOU",66,4.67
"1426",1964,"OAK",57,NA
"1427",1964,"ANA",82,NA
"1428",1964,"LAD",80,NA
"1429",1964,"MIN",79,36.49
"1430",1964,"ATL",88,NA
"1431",1964,"NYY",99,NA
"1432",1964,"NYM",53,NA
"1433",1964,"PHI",92,39.41
"1434",1964,"PIT",80,33.96
"1435",1964,"SFG",90,NA
"1436",1964,"STL",93,NA
"1437",1964,"TEX",62,NA
"1438",1965,"BAL",94,32.98
"1439",1965,"BOS",62,10.88
"1440",1965,"ANA",75,NA
"1441",1965,"CHW",95,NA
"1442",1965,"CHC",72,NA
"1443",1965,"CIN",89,41.26
"1444",1965,"CLE",87,31.89
"1445",1965,"DET",89,49.05
"1446",1965,"HOU",65,10.56
"1447",1965,"OAK",59,NA
"1448",1965,"LAD",97,NA
"1449",1965,"MIN",102,51.51
"1450",1965,"ATL",86,NA
"1451",1965,"NYY",77,NA
"1452",1965,"NYM",50,NA
"1453",1965,"PHI",85,55.63
"1454",1965,"PIT",90,31.16
"1455",1965,"SFG",95,NA
"1456",1965,"STL",80,NA
"1457",1965,"TEX",70,NA
"1458",1966,"ATL",85,33.54
"1459",1966,"BAL",97,38.88
"1460",1966,"BOS",72,9.95
"1461",1966,"ANA",80,NA
"1462",1966,"CHW",83,NA
"1463",1966,"CHC",59,NA
"1464",1966,"CIN",76,18.65
"1465",1966,"CLE",81,17.2
"1466",1966,"DET",88,42.92
"1467",1966,"HOU",72,12.78
"1468",1966,"OAK",74,NA
"1469",1966,"LAD",95,NA
"1470",1966,"MIN",89,44.88
"1471",1966,"NYY",70,NA
"1472",1966,"NYM",66,NA
"1473",1966,"PHI",87,53.31
"1474",1966,"PIT",92,43.22
"1475",1966,"SFG",93,NA
"1476",1966,"STL",83,NA
"1477",1966,"TEX",71,NA
"1478",1967,"ATL",77,27.92
"1479",1967,"BAL",76,35.57
"1480",1967,"BOS",92,36.61
"1481",1967,"ANA",84,NA
"1482",1967,"CHW",89,NA
"1483",1967,"CHC",87,NA
"1484",1967,"CIN",87,33.03
"1485",1967,"CLE",75,32.89
"1486",1967,"DET",91,34.43
"1487",1967,"HOU",69,23.5
"1488",1967,"OAK",62,NA
"1489",1967,"LAD",73,NA
"1490",1967,"MIN",91,39.43
"1491",1967,"NYY",72,NA
"1492",1967,"NYM",61,NA
"1493",1967,"PHI",82,47.86
"1494",1967,"PIT",81,32.89
"1495",1967,"SFG",91,NA
"1496",1967,"STL",101,NA
"1497",1967,"TEX",76,NA
"1498",1968,"ATL",81,26.12
"1499",1968,"BAL",91,46.11
"1500",1968,"BOS",86,15.52
"1501",1968,"ANA",67,NA
"1502",1968,"CHW",67,NA
"1503",1968,"CHC",84,NA
"1504",1968,"CIN",83,34.09
"1505",1968,"CLE",86,30.48
"1506",1968,"DET",103,34.87
"1507",1968,"HOU",72,17.64
"1508",1968,"LAD",76,NA
"1509",1968,"MIN",79,38.96
"1510",1968,"NYY",83,NA
"1511",1968,"NYM",73,NA
"1512",1968,"OAK",82,22.32
"1513",1968,"PHI",76,31.59
"1514",1968,"PIT",80,31.03
"1515",1968,"SFG",88,NA
"1516",1968,"STL",97,NA
"1517",1968,"TEX",65,NA
"1518",1969,"ATL",93,16.24
"1519",1969,"BAL",109,59.32
"1520",1969,"BOS",87,35.49
"1521",1969,"ANA",71,NA
"1522",1969,"CHW",68,NA
"1523",1969,"CHC",92,NA
"1524",1969,"CIN",89,31.27
"1525",1969,"CLE",62,16.7
"1526",1969,"DET",90,47.57
"1527",1969,"HOU",81,38.99
"1528",1969,"KCR",69,NA
"1529",1969,"LAD",85,NA
"1530",1969,"MIN",97,52.58
"1531",1969,"WSN",52,NA
"1532",1969,"NYY",80,NA
"1533",1969,"NYM",100,NA
"1534",1969,"OAK",88,39.48
"1535",1969,"PHI",63,25.83
"1536",1969,"PIT",88,31.14
"1537",1969,"SDP",52,NA
"1538",1969,"MIL",64,NA
"1539",1969,"SFG",90,NA
"1540",1969,"STL",87,NA
"1541",1969,"TEX",86,NA
"1542",1970,"ATL",76,23.15
"1543",1970,"BAL",108,55.31
"1544",1970,"BOS",87,36.56
"1545",1970,"ANA",86,NA
"1546",1970,"CHW",56,NA
"1547",1970,"CHC",84,NA
"1548",1970,"CIN",102,48.31
"1549",1970,"CLE",76,33.39
"1550",1970,"DET",79,30.23
"1551",1970,"HOU",79,16.41
"1552",1970,"KCR",65,NA
"1553",1970,"LAD",87,NA
"1554",1970,"MIN",98,38.76
"1555",1970,"MIL",65,18.61
"1556",1970,"WSN",73,NA
"1557",1970,"NYY",93,NA
"1558",1970,"NYM",83,NA
"1559",1970,"OAK",89,30.6
"1560",1970,"PHI",73,20.39
"1561",1970,"PIT",89,34.4
"1562",1970,"SDP",63,NA
"1563",1970,"SFG",86,NA
"1564",1970,"STL",76,NA
"1565",1970,"TEX",70,NA
"1566",1971,"ATL",82,11.71
"1567",1971,"BAL",101,57.22
"1568",1971,"BOS",85,33.6
"1569",1971,"ANA",76,NA
"1570",1971,"CHW",79,NA
"1571",1971,"CHC",83,NA
"1572",1971,"CIN",79,18.32
"1573",1971,"CLE",60,17.43
"1574",1971,"DET",91,44.37
"1575",1971,"HOU",79,17.51
"1576",1971,"KCR",85,NA
"1577",1971,"LAD",89,NA
"1578",1971,"MIN",74,35.03
"1579",1971,"MIL",69,17.54
"1580",1971,"WSN",71,NA
"1581",1971,"NYY",82,NA
"1582",1971,"NYM",83,NA
"1583",1971,"OAK",101,47.38
"1584",1971,"PHI",67,28.01
"1585",1971,"PIT",97,29.54
"1586",1971,"SDP",61,NA
"1587",1971,"SFG",90,NA
"1588",1971,"STL",90,NA
"1589",1971,"TEX",63,NA
"1590",1972,"ATL",70,4.37
"1591",1972,"BAL",80,30.49
"1592",1972,"BOS",85,19.17
"1593",1972,"ANA",75,NA
"1594",1972,"CHW",87,NA
"1595",1972,"CHC",85,NA
"1596",1972,"CIN",95,46.1
"1597",1972,"CLE",72,22.91
"1598",1972,"DET",86,31.62
"1599",1972,"HOU",84,37.31
"1600",1972,"KCR",76,NA
"1601",1972,"LAD",85,NA
"1602",1972,"MIN",77,23.67
"1603",1972,"MIL",65,15.55
"1604",1972,"WSN",70,NA
"1605",1972,"NYY",79,NA
"1606",1972,"NYM",83,NA
"1607",1972,"OAK",93,35.72
"1608",1972,"PHI",59,11.38
"1609",1972,"PIT",96,46.64
"1610",1972,"SDP",58,NA
"1611",1972,"SFG",69,NA
"1612",1972,"STL",75,NA
"1613",1972,"TEX",54,4.5
"1614",1973,"ATL",76,25.79
"1615",1973,"BAL",97,47.87
"1616",1973,"BOS",89,36.28
"1617",1973,"ANA",79,NA
"1618",1973,"CHW",77,NA
"1619",1973,"CHC",77,NA
"1620",1973,"CIN",99,34.7
"1621",1973,"CLE",71,29.43
"1622",1973,"DET",85,23.47
"1623",1973,"HOU",82,19.68
"1624",1973,"KCR",88,NA
"1625",1973,"LAD",95,NA
"1626",1973,"MIN",81,32.7
"1627",1973,"MIL",74,16.74
"1628",1973,"WSN",79,NA
"1629",1973,"NYY",80,NA
"1630",1973,"NYM",82,NA
"1631",1973,"OAK",94,34.16
"1632",1973,"PHI",71,16.07
"1633",1973,"PIT",80,35.22
"1634",1973,"SDP",60,NA
"1635",1973,"SFG",88,NA
"1636",1973,"STL",81,NA
"1637",1973,"TEX",57,11.3
"1638",1974,"ATL",88,16.26
"1639",1974,"BAL",91,24.28
"1640",1974,"BOS",84,14.05
"1641",1974,"ANA",68,NA
"1642",1974,"CHW",80,NA
"1643",1974,"CHC",66,NA
"1644",1974,"CIN",98,43.68
"1645",1974,"CLE",77,23.69
"1646",1974,"DET",72,17.81
"1647",1974,"HOU",81,15.69
"1648",1974,"KCR",77,NA
"1649",1974,"LAD",102,NA
"1650",1974,"MIN",82,28.51
"1651",1974,"MIL",76,3.23
"1652",1974,"WSN",79,NA
"1653",1974,"NYY",89,NA
"1654",1974,"NYM",71,NA
"1655",1974,"OAK",90,35.94
"1656",1974,"PHI",80,32.91
"1657",1974,"PIT",88,39.85
"1658",1974,"SDP",60,NA
"1659",1974,"SFG",72,NA
"1660",1974,"STL",86,NA
"1661",1974,"TEX",84,44.33
"1662",1975,"ATL",67,12.76
"1663",1975,"BAL",90,41.99
"1664",1975,"BOS",95,-4.39
"1665",1975,"ANA",72,NA
"1666",1975,"CHW",75,NA
"1667",1975,"CHC",75,NA
"1668",1975,"CIN",108,47.27
"1669",1975,"CLE",79,32.48
"1670",1975,"DET",57,-9.99
"1671",1975,"HOU",64,26.1
"1672",1975,"KCR",91,NA
"1673",1975,"LAD",88,NA
"1674",1975,"MIN",76,39.44
"1675",1975,"MIL",68,-14.33
"1676",1975,"WSN",75,NA
"1677",1975,"NYY",83,NA
"1678",1975,"NYM",82,NA
"1679",1975,"OAK",98,30.95
"1680",1975,"PHI",86,46.69
"1681",1975,"PIT",92,48.06
"1682",1975,"SDP",71,NA
"1683",1975,"SFG",80,NA
"1684",1975,"STL",82,NA
"1685",1975,"TEX",79,39.9
"1686",1976,"ATL",70,11.69
"1687",1976,"BAL",88,24.32
"1688",1976,"BOS",83,26.62
"1689",1976,"ANA",76,NA
"1690",1976,"CHW",64,NA
"1691",1976,"CHC",75,NA
"1692",1976,"CIN",102,47.03
"1693",1976,"CLE",81,30.11
"1694",1976,"DET",74,20.23
"1695",1976,"HOU",80,13.35
"1696",1976,"KCR",90,NA
"1697",1976,"LAD",92,NA
"1698",1976,"MIN",85,27.11
"1699",1976,"MIL",66,13.54
"1700",1976,"WSN",55,NA
"1701",1976,"NYY",97,NA
"1702",1976,"NYM",86,NA
"1703",1976,"OAK",87,32.11
"1704",1976,"PHI",101,47.2
"1705",1976,"PIT",92,42.76
"1706",1976,"SDP",73,NA
"1707",1976,"SFG",74,NA
"1708",1976,"STL",72,NA
"1709",1976,"TEX",76,25.62
"1710",1977,"ATL",61,-9.45
"1711",1977,"BAL",97,30.31
"1712",1977,"BOS",97,34.71
"1713",1977,"ANA",74,NA
"1714",1977,"CHW",90,NA
"1715",1977,"CHC",81,NA
"1716",1977,"CIN",88,35.06
"1717",1977,"CLE",71,32.57
"1718",1977,"DET",74,26.08
"1719",1977,"HOU",81,26.31
"1720",1977,"KCR",102,NA
"1721",1977,"LAD",98,NA
"1722",1977,"MIN",84,34.85
"1723",1977,"MIL",67,18.5
"1724",1977,"WSN",75,NA
"1725",1977,"NYY",100,NA
"1726",1977,"NYM",64,NA
"1727",1977,"OAK",63,8.76
"1728",1977,"PHI",101,52.78
"1729",1977,"PIT",96,45.65
"1730",1977,"SDP",69,NA
"1731",1977,"SEA",64,7.78
"1732",1977,"SFG",75,NA
"1733",1977,"STL",83,NA
"1734",1977,"TEX",94,51.99
"1735",1977,"TOR",54,10.15
"1736",1978,"ATL",69,-5.23
"1737",1978,"BAL",90,43.94
"1738",1978,"BOS",99,29.41
"1739",1978,"ANA",87,NA
"1740",1978,"CHW",71,NA
"1741",1978,"CHC",79,NA
"1742",1978,"CIN",92,34.79
"1743",1978,"CLE",69,26.33
"1744",1978,"DET",86,31.06
"1745",1978,"HOU",74,7.61
"1746",1978,"KCR",92,NA
"1747",1978,"LAD",95,NA
"1748",1978,"MIN",73,39.66
"1749",1978,"MIL",93,55.4
"1750",1978,"WSN",76,NA
"1751",1978,"NYY",100,NA
"1752",1978,"NYM",66,NA
"1753",1978,"OAK",69,0.56
"1754",1978,"PHI",90,43.8
"1755",1978,"PIT",88,33.4
"1756",1978,"SDP",84,NA
"1757",1978,"SEA",56,1.69
"1758",1978,"SFG",89,NA
"1759",1978,"STL",69,NA
"1760",1978,"TEX",87,46.04
"1761",1978,"TOR",59,2.36
"1762",1979,"ATL",66,2.32
"1763",1979,"BAL",102,44.57
"1764",1979,"BOS",91,45.14
"1765",1979,"ANA",88,NA
"1766",1979,"CHW",73,NA
"1767",1979,"CHC",80,NA
"1768",1979,"CIN",90,33.65
"1769",1979,"CLE",81,26.56
"1770",1979,"DET",85,31.23
"1771",1979,"HOU",89,27.94
"1772",1979,"KCR",85,NA
"1773",1979,"LAD",79,NA
"1774",1979,"MIN",82,37.48
"1775",1979,"MIL",95,42.59
"1776",1979,"WSN",95,NA
"1777",1979,"NYY",89,NA
"1778",1979,"NYM",63,NA
"1779",1979,"OAK",54,-15.48
"1780",1979,"PHI",84,34.82
"1781",1979,"PIT",98,47.96
"1782",1979,"SDP",68,NA
"1783",1979,"SEA",67,25.26
"1784",1979,"SFG",71,NA
"1785",1979,"STL",86,NA
"1786",1979,"TEX",83,42.69
"1787",1979,"TOR",53,5.16
"1788",1980,"ATL",81,27.15
"1789",1980,"BAL",100,31.98
"1790",1980,"BOS",83,37.59
"1791",1980,"ANA",65,NA
"1792",1980,"CHW",70,NA
"1793",1980,"CHC",64,NA
"1794",1980,"CIN",89,30.49
"1795",1980,"CLE",79,30.12
"1796",1980,"DET",84,30.76
"1797",1980,"HOU",93,29.93
"1798",1980,"KCR",97,NA
"1799",1980,"LAD",92,NA
"1800",1980,"MIN",77,29.3
"1801",1980,"MIL",86,33.63
"1802",1980,"WSN",90,NA
"1803",1980,"NYY",103,NA
"1804",1980,"NYM",67,NA
"1805",1980,"OAK",83,40.33
"1806",1980,"PHI",91,38.04
"1807",1980,"PIT",83,32.77
"1808",1980,"SDP",73,NA
"1809",1980,"SEA",59,13.98
"1810",1980,"SFG",75,NA
"1811",1980,"STL",74,NA
"1812",1980,"TEX",76,35.2
"1813",1980,"TOR",67,14.36
"1814",1981,"ATL",50,10.88
"1815",1981,"BAL",59,15.06
"1816",1981,"BOS",59,23.26
"1817",1981,"ANA",51,NA
"1818",1981,"CHW",54,NA
"1819",1981,"CHC",38,NA
"1820",1981,"CIN",66,29.56
"1821",1981,"CLE",52,16.14
"1822",1981,"DET",60,25.29
"1823",1981,"HOU",61,32.61
"1824",1981,"KCR",50,NA
"1825",1981,"LAD",63,NA
"1826",1981,"MIN",41,4.93
"1827",1981,"MIL",62,19.25
"1828",1981,"WSN",60,NA
"1829",1981,"NYY",59,NA
"1830",1981,"NYM",41,NA
"1831",1981,"OAK",64,21.74
"1832",1981,"PHI",59,29.51
"1833",1981,"PIT",46,12.5
"1834",1981,"SDP",41,NA
"1835",1981,"SEA",44,12.19
"1836",1981,"SFG",56,NA
"1837",1981,"STL",59,NA
"1838",1981,"TEX",57,28.82
"1839",1981,"TOR",37,-3.88
"1840",1982,"ATL",89,22.02
"1841",1982,"BAL",94,36.9
"1842",1982,"BOS",89,29.84
"1843",1982,"ANA",93,NA
"1844",1982,"CHW",87,NA
"1845",1982,"CHC",73,NA
"1846",1982,"CIN",61,27.15
"1847",1982,"CLE",78,25.11
"1848",1982,"DET",83,33.77
"1849",1982,"HOU",77,39.59
"1850",1982,"KCR",90,NA
"1851",1982,"LAD",88,NA
"1852",1982,"MIN",60,-13.53
"1853",1982,"MIL",95,41.09
"1854",1982,"WSN",86,NA
"1855",1982,"NYY",79,NA
"1856",1982,"NYM",65,NA
"1857",1982,"OAK",68,8.35
"1858",1982,"PHI",89,41.11
"1859",1982,"PIT",84,43.79
"1860",1982,"SDP",81,NA
"1861",1982,"SEA",76,25.01
"1862",1982,"SFG",87,NA
"1863",1982,"STL",92,NA
"1864",1982,"TEX",64,26.46
"1865",1982,"TOR",78,26.75
"1866",1983,"ATL",88,31.24
"1867",1983,"BAL",98,40.72
"1868",1983,"BOS",78,18.65
"1869",1983,"ANA",70,NA
"1870",1983,"CHW",99,NA
"1871",1983,"CHC",71,NA
"1872",1983,"CIN",74,16.8
"1873",1983,"CLE",70,23.91
"1874",1983,"DET",92,47.38
"1875",1983,"HOU",85,43.69
"1876",1983,"KCR",79,NA
"1877",1983,"LAD",91,NA
"1878",1983,"MIN",70,22.22
"1879",1983,"MIL",87,33.57
"1880",1983,"WSN",82,NA
"1881",1983,"NYY",91,NA
"1882",1983,"NYM",68,NA
"1883",1983,"OAK",74,18.84
"1884",1983,"PHI",90,44.17
"1885",1983,"PIT",84,38.08
"1886",1983,"SDP",81,NA
"1887",1983,"SEA",60,25.35
"1888",1983,"SFG",79,NA
"1889",1983,"STL",79,NA
"1890",1983,"TEX",77,32.77
"1891",1983,"TOR",89,42.18
"1892",1984,"ATL",80,39.81
"1893",1984,"BAL",85,36.35
"1894",1984,"BOS",86,34.61
"1895",1984,"ANA",81,NA
"1896",1984,"CHW",74,NA
"1897",1984,"CHC",96,NA
"1898",1984,"CIN",70,21.38
"1899",1984,"CLE",75,22.44
"1900",1984,"DET",104,44.62
"1901",1984,"HOU",80,45.33
"1902",1984,"KCR",84,NA
"1903",1984,"LAD",79,NA
"1904",1984,"MIN",81,28.85
"1905",1984,"MIL",67,12.9
"1906",1984,"WSN",78,NA
"1907",1984,"NYY",87,NA
"1908",1984,"NYM",90,NA
"1909",1984,"OAK",77,10.26
"1910",1984,"PHI",81,41.3
"1911",1984,"PIT",75,34.62
"1912",1984,"SDP",92,NA
"1913",1984,"SEA",74,26.23
"1914",1984,"SFG",66,NA
"1915",1984,"STL",84,NA
"1916",1984,"TEX",69,31.05
"1917",1984,"TOR",89,42.05
"1918",1985,"ATL",66,18.82
"1919",1985,"BAL",83,28.58
"1920",1985,"BOS",81,39.26
"1921",1985,"ANA",90,NA
"1922",1985,"CHW",85,NA
"1923",1985,"CHC",77,NA
"1924",1985,"CIN",89,26.73
"1925",1985,"CLE",60,6.14
"1926",1985,"DET",84,47.4
"1927",1985,"HOU",83,37.37
"1928",1985,"KCR",91,NA
"1929",1985,"LAD",95,NA
"1930",1985,"MIN",77,27.89
"1931",1985,"MIL",71,28.79
"1932",1985,"WSN",84,NA
"1933",1985,"NYY",97,NA
"1934",1985,"NYM",98,NA
"1935",1985,"OAK",77,23.62
"1936",1985,"PHI",75,27.59
"1937",1985,"PIT",57,15.8
"1938",1985,"SDP",83,NA
"1939",1985,"SEA",74,29.59
"1940",1985,"SFG",62,NA
"1941",1985,"STL",101,NA
"1942",1985,"TEX",62,26.77
"1943",1985,"TOR",99,42.25
"1944",1986,"ATL",72,31.9
"1945",1986,"BAL",73,16.28
"1946",1986,"BOS",95,34.28
"1947",1986,"ANA",92,NA
"1948",1986,"CHW",72,NA
"1949",1986,"CHC",70,NA
"1950",1986,"CIN",86,32.4
"1951",1986,"CLE",84,16.01
"1952",1986,"DET",87,47.81
"1953",1986,"HOU",96,29.88
"1954",1986,"KCR",76,NA
"1955",1986,"LAD",73,NA
"1956",1986,"MIN",71,34.82
"1957",1986,"MIL",77,25.95
"1958",1986,"WSN",78,NA
"1959",1986,"NYY",90,NA
"1960",1986,"NYM",108,NA
"1961",1986,"OAK",76,40.48
"1962",1986,"PHI",86,31.23
"1963",1986,"PIT",64,26.87
"1964",1986,"SDP",74,NA
"1965",1986,"SEA",67,29.41
"1966",1986,"SFG",83,NA
"1967",1986,"STL",79,NA
"1968",1986,"TEX",87,37.44
"1969",1986,"TOR",86,47.28
"1970",1987,"ATL",69,30.63
"1971",1987,"BAL",67,9.7
"1972",1987,"BOS",78,35.03
"1973",1987,"ANA",75,NA
"1974",1987,"CHW",77,NA
"1975",1987,"CHC",76,NA
"1976",1987,"CIN",84,28.86
"1977",1987,"CLE",61,-11.4
"1978",1987,"DET",98,48.03
"1979",1987,"HOU",76,23.94
"1980",1987,"KCR",83,NA
"1981",1987,"LAD",73,NA
"1982",1987,"MIN",85,36.41
"1983",1987,"MIL",91,19.21
"1984",1987,"WSN",91,NA
"1985",1987,"NYY",89,NA
"1986",1987,"NYM",92,NA
"1987",1987,"OAK",81,46.12
"1988",1987,"PHI",80,29.33
"1989",1987,"PIT",80,33.18
"1990",1987,"SDP",65,NA
"1991",1987,"SEA",78,36.91
"1992",1987,"SFG",90,NA
"1993",1987,"STL",95,NA
"1994",1987,"TEX",75,38.83
"1995",1987,"TOR",96,51.05
"1996",1988,"ATL",54,4.9
"1997",1988,"BAL",54,8.3
"1998",1988,"BOS",89,45.31
"1999",1988,"ANA",75,NA
"2000",1988,"CHW",71,NA
"2001",1988,"CHC",77,NA
"2002",1988,"CIN",87,40.72
"2003",1988,"CLE",78,31.98
"2004",1988,"DET",88,32.27
"2005",1988,"HOU",82,37.91
"2006",1988,"KCR",84,NA
"2007",1988,"LAD",94,NA
"2008",1988,"MIN",91,33
"2009",1988,"MIL",87,35.01
"2010",1988,"WSN",81,NA
"2011",1988,"NYY",85,NA
"2012",1988,"NYM",100,NA
"2013",1988,"OAK",104,43.99
"2014",1988,"PHI",65,9.06
"2015",1988,"PIT",85,31.11
"2016",1988,"SDP",83,NA
"2017",1988,"SEA",68,22.4
"2018",1988,"SFG",83,NA
"2019",1988,"STL",76,NA
"2020",1988,"TEX",70,28.06
"2021",1988,"TOR",87,39.46
"2022",1989,"ATL",63,22.37
"2023",1989,"BAL",87,19.44
"2024",1989,"BOS",83,43.99
"2025",1989,"ANA",91,NA
"2026",1989,"CHW",69,NA
"2027",1989,"CHC",93,NA
"2028",1989,"CIN",75,23.24
"2029",1989,"CLE",73,29.3
"2030",1989,"DET",59,5.23
"2031",1989,"HOU",86,25.56
"2032",1989,"KCR",92,NA
"2033",1989,"LAD",77,NA
"2034",1989,"MIN",80,28
"2035",1989,"MIL",81,32.04
"2036",1989,"WSN",81,NA
"2037",1989,"NYY",74,NA
"2038",1989,"NYM",87,NA
"2039",1989,"OAK",99,38.76
"2040",1989,"PHI",67,25.46
"2041",1989,"PIT",74,28.83
"2042",1989,"SDP",89,NA
"2043",1989,"SEA",73,25.24
"2044",1989,"SFG",92,NA
"2045",1989,"STL",86,NA
"2046",1989,"TEX",83,35.94
"2047",1989,"TOR",89,43.48
"2048",1990,"ATL",65,21.96
"2049",1990,"BAL",76,21.02
"2050",1990,"BOS",88,37.98
"2051",1990,"ANA",80,NA
"2052",1990,"CHW",94,NA
"2053",1990,"CHC",77,NA
"2054",1990,"CIN",91,41.38
"2055",1990,"CLE",77,29.35
"2056",1990,"DET",79,27.09
"2057",1990,"HOU",75,27.48
"2058",1990,"KCR",75,NA
"2059",1990,"LAD",86,NA
"2060",1990,"MIN",74,19.47
"2061",1990,"MIL",74,23.83
"2062",1990,"WSN",85,NA
"2063",1990,"NYY",67,NA
"2064",1990,"NYM",91,NA
"2065",1990,"OAK",103,44.88
"2066",1990,"PHI",77,24.97
"2067",1990,"PIT",95,46.5
"2068",1990,"SDP",75,NA
"2069",1990,"SEA",77,35.29
"2070",1990,"SFG",85,NA
"2071",1990,"STL",70,NA
"2072",1990,"TEX",83,28.57
"2073",1990,"TOR",86,39.55
"2074",1991,"ATL",94,51.84
"2075",1991,"BAL",67,24.63
"2076",1991,"BOS",84,41.21
"2077",1991,"ANA",81,NA
"2078",1991,"CHW",87,NA
"2079",1991,"CHC",77,NA
"2080",1991,"CIN",74,25.98
"2081",1991,"CLE",57,22.28
"2082",1991,"DET",84,28
"2083",1991,"HOU",65,24.12
"2084",1991,"KCR",82,NA
"2085",1991,"LAD",93,NA
"2086",1991,"MIN",95,41.81
"2087",1991,"MIL",83,32.58
"2088",1991,"WSN",71,NA
"2089",1991,"NYY",71,NA
"2090",1991,"NYM",77,NA
"2091",1991,"OAK",84,20.96
"2092",1991,"PHI",78,24.39
"2093",1991,"PIT",98,52.86
"2094",1991,"SDP",84,NA
"2095",1991,"SEA",83,30.78
"2096",1991,"SFG",75,NA
"2097",1991,"STL",84,NA
"2098",1991,"TEX",85,35.6
"2099",1991,"TOR",91,43.69
"2100",1992,"ATL",98,44.49
"2101",1992,"BAL",89,30.51
"2102",1992,"BOS",73,34.32
"2103",1992,"ANA",72,NA
"2104",1992,"CHW",86,NA
"2105",1992,"CHC",78,NA
"2106",1992,"CIN",90,42.07
"2107",1992,"CLE",76,19.63
"2108",1992,"DET",75,21.97
"2109",1992,"HOU",81,27.7
"2110",1992,"KCR",72,NA
"2111",1992,"LAD",63,NA
"2112",1992,"MIN",90,43.35
"2113",1992,"MIL",92,42.66
"2114",1992,"WSN",87,NA
"2115",1992,"NYY",76,NA
"2116",1992,"NYM",72,NA
"2117",1992,"OAK",96,27.18
"2118",1992,"PHI",70,30.82
"2119",1992,"PIT",96,49.78
"2120",1992,"SDP",82,NA
"2121",1992,"SEA",64,25.12
"2122",1992,"SFG",72,NA
"2123",1992,"STL",83,NA
"2124",1992,"TEX",77,26.72
"2125",1992,"TOR",96,39.65
"2126",1993,"ATL",104,49.63
"2127",1993,"BAL",85,32.77
"2128",1993,"BOS",80,34.49
"2129",1993,"ANA",71,NA
"2130",1993,"CHW",94,NA
"2131",1993,"CHC",84,NA
"2132",1993,"CIN",73,27.85
"2133",1993,"CLE",76,24.2
"2134",1993,"COL",67,8.75
"2135",1993,"DET",85,42.06
"2136",1993,"FLA",64,NA
"2137",1993,"HOU",85,48.1
"2138",1993,"KCR",84,NA
"2139",1993,"LAD",81,NA
"2140",1993,"MIN",71,18.96
"2141",1993,"MIL",69,24.04
"2142",1993,"WSN",94,NA
"2143",1993,"NYY",88,NA
"2144",1993,"NYM",59,NA
"2145",1993,"OAK",68,21.96
"2146",1993,"PHI",97,55.07
"2147",1993,"PIT",75,28.01
"2148",1993,"SDP",61,NA
"2149",1993,"SEA",82,39.7
"2150",1993,"SFG",103,NA
"2151",1993,"STL",87,NA
"2152",1993,"TEX",86,35.12
"2153",1993,"TOR",95,33.63
"2154",1994,"ATL",68,36.55
"2155",1994,"BAL",63,32.49
"2156",1994,"BOS",54,19.37
"2157",1994,"ANA",47,NA
"2158",1994,"CHW",67,NA
"2159",1994,"CHC",49,NA
"2160",1994,"CIN",66,35.76
"2161",1994,"CLE",66,36.15
"2162",1994,"COL",53,12.32
"2163",1994,"DET",53,17.8
"2164",1994,"FLA",51,NA
"2165",1994,"HOU",66,35.5
"2166",1994,"KCR",64,NA
"2167",1994,"LAD",58,NA
"2168",1994,"MIN",53,3.46
"2169",1994,"MIL",53,18.71
"2170",1994,"WSN",74,NA
"2171",1994,"NYY",70,NA
"2172",1994,"NYM",55,NA
"2173",1994,"OAK",51,16.98
"2174",1994,"PHI",54,21.29
"2175",1994,"PIT",53,19.94
"2176",1994,"SDP",47,NA
"2177",1994,"SEA",49,18.27
"2178",1994,"SFG",55,NA
"2179",1994,"STL",53,NA
"2180",1994,"TEX",52,24.36
"2181",1994,"TOR",55,16.24
"2182",1995,"ATL",90,46.88
"2183",1995,"BAL",71,33.35
"2184",1995,"BOS",86,40.08
"2185",1995,"ANA",78,NA
"2186",1995,"CHW",68,NA
"2187",1995,"CHC",73,NA
"2188",1995,"CIN",85,41.94
"2189",1995,"CLE",100,54.57
"2190",1995,"COL",77,26.3
"2191",1995,"DET",60,13.75
"2192",1995,"FLA",67,NA
"2193",1995,"HOU",76,47.77
"2194",1995,"KCR",70,NA
"2195",1995,"LAD",78,NA
"2196",1995,"MIN",56,14.52
"2197",1995,"MIL",65,17.74
"2198",1995,"WSN",66,NA
"2199",1995,"NYY",79,NA
"2200",1995,"NYM",69,NA
"2201",1995,"OAK",67,30.03
"2202",1995,"PHI",69,27.14
"2203",1995,"PIT",58,16.79
"2204",1995,"SDP",70,NA
"2205",1995,"SEA",79,26.45
"2206",1995,"SFG",67,NA
"2207",1995,"STL",62,NA
"2208",1995,"TEX",74,23.18
"2209",1995,"TOR",56,9.44
"2210",1996,"ATL",96,57.96
"2211",1996,"BAL",88,43.1
"2212",1996,"BOS",85,33.4
"2213",1996,"ANA",70,NA
"2214",1996,"CHW",85,NA
"2215",1996,"CHC",76,NA
"2216",1996,"CIN",81,35.81
"2217",1996,"CLE",99,58.13
"2218",1996,"COL",83,21.99
"2219",1996,"DET",53,5.99
"2220",1996,"FLA",80,NA
"2221",1996,"HOU",82,39.68
"2222",1996,"KCR",75,NA
"2223",1996,"LAD",90,NA
"2224",1996,"MIN",78,24.14
"2225",1996,"MIL",80,22.96
"2226",1996,"WSN",88,NA
"2227",1996,"NYY",92,NA
"2228",1996,"NYM",71,NA
"2229",1996,"OAK",78,27.25
"2230",1996,"PHI",67,25.61
"2231",1996,"PIT",73,35.75
"2232",1996,"SDP",91,NA
"2233",1996,"SEA",85,36.52
"2234",1996,"SFG",68,NA
"2235",1996,"STL",88,NA
"2236",1996,"TEX",90,33.81
"2237",1996,"TOR",74,27.63
"2238",1997,"ANA",84,24.97
"2239",1997,"ATL",101,56.04
"2240",1997,"BAL",98,44.18
"2241",1997,"BOS",78,29.11
"2242",1997,"CHW",80,NA
"2243",1997,"CHC",68,NA
"2244",1997,"CIN",76,25.72
"2245",1997,"CLE",86,41.71
"2246",1997,"COL",83,25.02
"2247",1997,"DET",79,27.03
"2248",1997,"FLA",92,NA
"2249",1997,"HOU",84,55.34
"2250",1997,"KCR",67,NA
"2251",1997,"LAD",88,NA
"2252",1997,"MIN",68,21.78
"2253",1997,"MIL",78,28.04
"2254",1997,"WSN",78,NA
"2255",1997,"NYY",96,NA
"2256",1997,"NYM",88,NA
"2257",1997,"OAK",65,15.75
"2258",1997,"PHI",68,20.93
"2259",1997,"PIT",79,37.45
"2260",1997,"SDP",76,NA
"2261",1997,"SEA",90,46.8
"2262",1997,"SFG",90,NA
"2263",1997,"STL",73,NA
"2264",1997,"TEX",77,13.72
"2265",1997,"TOR",76,26.95
"2266",1998,"ANA",85,33.21
"2267",1998,"ARI",65,26.49
"2268",1998,"ATL",106,73.09
"2269",1998,"BAL",79,41.55
"2270",1998,"BOS",92,51.65
"2271",1998,"CHW",80,NA
"2272",1998,"CHC",90,NA
"2273",1998,"CIN",77,31.72
"2274",1998,"CLE",89,33.24
"2275",1998,"COL",77,20.27
"2276",1998,"DET",65,23.52
"2277",1998,"FLA",54,NA
"2278",1998,"HOU",102,54.88
"2279",1998,"KCR",72,NA
"2280",1998,"LAD",83,NA
"2281",1998,"MIL",74,20.2
"2282",1998,"MIN",70,14.54
"2283",1998,"WSN",65,NA
"2284",1998,"NYY",114,NA
"2285",1998,"NYM",88,NA
"2286",1998,"OAK",74,33.55
"2287",1998,"PHI",75,29.16
"2288",1998,"PIT",69,18.23
"2289",1998,"SDP",98,NA
"2290",1998,"SEA",76,47.4
"2291",1998,"SFG",89,NA
"2292",1998,"STL",83,NA
"2293",1998,"TBD",63,NA
"2294",1998,"TEX",88,36.26
"2295",1998,"TOR",88,40.62
"2296",1999,"ANA",70,13.9
"2297",1999,"ARI",100,54.36
"2298",1999,"ATL",103,60.98
"2299",1999,"BAL",78,38.04
"2300",1999,"BOS",94,46.22
"2301",1999,"CHW",75,NA
"2302",1999,"CHC",67,NA
"2303",1999,"CIN",96,42.33
"2304",1999,"CLE",97,46.47
"2305",1999,"COL",72,3.42
"2306",1999,"DET",69,25.55
"2307",1999,"FLA",64,NA
"2308",1999,"HOU",97,50.39
"2309",1999,"KCR",64,NA
"2310",1999,"LAD",77,NA
"2311",1999,"MIL",74,26.21
"2312",1999,"MIN",63,15.84
"2313",1999,"WSN",68,NA
"2314",1999,"NYY",98,NA
"2315",1999,"NYM",97,NA
"2316",1999,"OAK",87,44.1
"2317",1999,"PHI",77,34.48
"2318",1999,"PIT",78,42.14
"2319",1999,"SDP",74,NA
"2320",1999,"SEA",79,30.68
"2321",1999,"SFG",86,NA
"2322",1999,"STL",75,NA
"2323",1999,"TBD",69,NA
"2324",1999,"TEX",95,45.4
"2325",1999,"TOR",84,34.66
"2326",2000,"ANA",82,30.75
"2327",2000,"ARI",85,44.61
"2328",2000,"ATL",95,60.68
"2329",2000,"BAL",74,28.41
"2330",2000,"BOS",85,37.91
"2331",2000,"CHW",95,NA
"2332",2000,"CHC",65,NA
"2333",2000,"CIN",85,31.97
"2334",2000,"CLE",90,41.82
"2335",2000,"COL",82,25.25
"2336",2000,"DET",79,41.49
"2337",2000,"FLA",79,NA
"2338",2000,"HOU",72,32.73
"2339",2000,"KCR",77,NA
"2340",2000,"LAD",86,NA
"2341",2000,"MIL",73,12.5
"2342",2000,"MIN",69,32.65
"2343",2000,"WSN",67,NA
"2344",2000,"NYY",87,NA
"2345",2000,"NYM",94,NA
"2346",2000,"OAK",91,36.7
"2347",2000,"PHI",65,28.78
"2348",2000,"PIT",69,23.45
"2349",2000,"SDP",76,NA
"2350",2000,"SEA",91,42.43
"2351",2000,"SFG",97,NA
"2352",2000,"STL",95,NA
"2353",2000,"TBD",69,NA
"2354",2000,"TEX",71,15.58
"2355",2000,"TOR",83,34.53
"2356",2001,"ANA",75,29.55
"2357",2001,"ARI",92,50.5
"2358",2001,"ATL",88,43.46
"2359",2001,"BAL",63,10.55
"2360",2001,"BOS",82,38.92
"2361",2001,"CHW",83,NA
"2362",2001,"CHC",88,NA
"2363",2001,"CIN",66,22.17
"2364",2001,"CLE",91,40.67
"2365",2001,"COL",73,34.87
"2366",2001,"DET",66,9.24
"2367",2001,"FLA",76,NA
"2368",2001,"HOU",93,43.67
"2369",2001,"KCR",65,NA
"2370",2001,"LAD",86,NA
"2371",2001,"MIL",68,18.2
"2372",2001,"MIN",85,41.58
"2373",2001,"WSN",68,NA
"2374",2001,"NYY",95,NA
"2375",2001,"NYM",82,NA
"2376",2001,"OAK",102,56.54
"2377",2001,"PHI",86,43.83
"2378",2001,"PIT",62,16.67
"2379",2001,"SDP",79,NA
"2380",2001,"SEA",116,54.68
"2381",2001,"SFG",90,NA
"2382",2001,"STL",93,NA
"2383",2001,"TBD",62,NA
"2384",2001,"TEX",73,18.86
"2385",2001,"TOR",80,27.98
"2386",2002,"ANA",99,50.48
"2387",2002,"ARI",98,56.04
"2388",2002,"ATL",101,40.56
"2389",2002,"BAL",67,17.02
"2390",2002,"BOS",93,55.39
"2391",2002,"CHW",81,NA
"2392",2002,"CHC",67,NA
"2393",2002,"CIN",78,27.2
"2394",2002,"CLE",74,14.83
"2395",2002,"COL",73,12.15
"2396",2002,"DET",55,11.83
"2397",2002,"FLA",79,NA
"2398",2002,"HOU",84,39.08
"2399",2002,"KCR",62,NA
"2400",2002,"LAD",92,NA
"2401",2002,"MIL",56,9.21
"2402",2002,"MIN",94,39.48
"2403",2002,"WSN",83,NA
"2404",2002,"NYY",103,NA
"2405",2002,"NYM",75,NA
"2406",2002,"OAK",103,48.36
"2407",2002,"PHI",80,46.7
"2408",2002,"PIT",72,19.06
"2409",2002,"SDP",66,NA
"2410",2002,"SEA",93,50.51
"2411",2002,"SFG",95,NA
"2412",2002,"STL",97,NA
"2413",2002,"TBD",55,NA
"2414",2002,"TEX",72,26.93
"2415",2002,"TOR",78,22.24
"2416",2003,"ANA",77,25.13
"2417",2003,"ARI",84,35.54
"2418",2003,"ATL",101,50.86
"2419",2003,"BAL",71,25.56
"2420",2003,"BOS",95,58.92
"2421",2003,"CHW",86,NA
"2422",2003,"CHC",88,NA
"2423",2003,"CIN",69,9.23
"2424",2003,"CLE",68,29.27
"2425",2003,"COL",74,17.29
"2426",2003,"DET",43,-1.99
"2427",2003,"FLA",91,NA
"2428",2003,"HOU",87,36.36
"2429",2003,"KCR",83,NA
"2430",2003,"LAD",85,NA
"2431",2003,"MIL",68,20.02
"2432",2003,"MIN",90,39.64
"2433",2003,"WSN",83,NA
"2434",2003,"NYY",101,NA
"2435",2003,"NYM",66,NA
"2436",2003,"OAK",96,43.15
"2437",2003,"PHI",86,45.52
"2438",2003,"PIT",75,30.54
"2439",2003,"SDP",64,NA
"2440",2003,"SEA",93,38.92
"2441",2003,"SFG",100,NA
"2442",2003,"STL",85,NA
"2443",2003,"TBD",63,NA
"2444",2003,"TEX",71,17.65
"2445",2003,"TOR",86,34.63
"2446",2004,"ANA",92,38.62
"2447",2004,"ARI",51,9.56
"2448",2004,"ATL",96,50.16
"2449",2004,"BAL",78,28.86
"2450",2004,"BOS",98,51.74
"2451",2004,"CHW",83,NA
"2452",2004,"CHC",89,NA
"2453",2004,"CIN",76,26.66
"2454",2004,"CLE",80,36.92
"2455",2004,"COL",68,14.63
"2456",2004,"DET",72,31.77
"2457",2004,"FLA",83,NA
"2458",2004,"HOU",92,46.95
"2459",2004,"KCR",58,NA
"2460",2004,"LAD",93,NA
"2461",2004,"MIL",67,31.31
"2462",2004,"MIN",92,36.26
"2463",2004,"WSN",67,NA
"2464",2004,"NYY",101,NA
"2465",2004,"NYM",71,NA
"2466",2004,"OAK",91,37.38
"2467",2004,"PHI",86,43.9
"2468",2004,"PIT",72,27.94
"2469",2004,"SDP",87,NA
"2470",2004,"SEA",63,20.71
"2471",2004,"SFG",91,NA
"2472",2004,"STL",105,NA
"2473",2004,"TBD",70,NA
"2474",2004,"TEX",89,22.29
"2475",2004,"TOR",67,18.82
"2476",2005,"ARI",77,28.16
"2477",2005,"ATL",90,38.87
"2478",2005,"BAL",74,32.13
"2479",2005,"BOS",95,49.01
"2480",2005,"CHW",99,NA
"2481",2005,"CHC",79,NA
"2482",2005,"CIN",73,31.74
"2483",2005,"CLE",93,53.02
"2484",2005,"COL",67,11.18
"2485",2005,"DET",71,30.16
"2486",2005,"FLA",83,NA
"2487",2005,"HOU",89,44.87
"2488",2005,"KCR",56,NA
"2489",2005,"ANA",95,47.47
"2490",2005,"LAD",71,NA
"2491",2005,"MIL",81,31.98
"2492",2005,"MIN",83,33.04
"2493",2005,"NYY",95,NA
"2494",2005,"NYM",83,NA
"2495",2005,"OAK",88,39.65
"2496",2005,"PHI",88,50.1
"2497",2005,"PIT",67,16.52
"2498",2005,"SDP",82,NA
"2499",2005,"SEA",69,18.44
"2500",2005,"SFG",75,NA
"2501",2005,"STL",100,NA
"2502",2005,"TBD",67,NA
"2503",2005,"TEX",79,36.23
"2504",2005,"TOR",80,29.98
"2505",2005,"WSN",81,NA
"2506",2006,"ARI",76,39.67
"2507",2006,"ATL",79,38.59
"2508",2006,"BAL",70,24.37
"2509",2006,"BOS",86,36.59
"2510",2006,"CHW",90,NA
"2511",2006,"CHC",66,NA
"2512",2006,"CIN",80,36.82
"2513",2006,"CLE",78,32.7
"2514",2006,"COL",76,37.89
"2515",2006,"DET",95,38.23
"2516",2006,"FLA",78,NA
"2517",2006,"HOU",82,45.06
"2518",2006,"KCR",62,NA
"2519",2006,"ANA",89,45.61
"2520",2006,"LAD",88,NA
"2521",2006,"MIL",75,34.75
"2522",2006,"MIN",96,38.65
"2523",2006,"NYY",97,NA
"2524",2006,"NYM",97,NA
"2525",2006,"OAK",93,29.98
"2526",2006,"PHI",85,45.54
"2527",2006,"PIT",67,16.92
"2528",2006,"SDP",88,NA
"2529",2006,"SEA",78,34.68
"2530",2006,"SFG",76,NA
"2531",2006,"STL",83,NA
"2532",2006,"TBD",61,NA
"2533",2006,"TEX",80,28.69
"2534",2006,"TOR",87,42.82
"2535",2006,"WSN",71,NA
"2536",2007,"ARI",90,28.81
"2537",2007,"ATL",84,40.48
"2538",2007,"BAL",69,20.72
"2539",2007,"BOS",96,54.85
"2540",2007,"CHW",72,NA
"2541",2007,"CHC",85,NA
"2542",2007,"CIN",72,30.42
"2543",2007,"CLE",96,45.9
"2544",2007,"COL",90,37.43
"2545",2007,"DET",88,35.3
"2546",2007,"FLA",71,NA
"2547",2007,"HOU",73,28.32
"2548",2007,"KCR",69,NA
"2549",2007,"ANA",94,47.32
"2550",2007,"LAD",82,NA
"2551",2007,"MIL",83,33.6
"2552",2007,"MIN",79,34.79
"2553",2007,"NYY",94,NA
"2554",2007,"NYM",88,NA
"2555",2007,"OAK",76,33.23
"2556",2007,"PHI",89,41.66
"2557",2007,"PIT",68,22.15
"2558",2007,"SDP",89,NA
"2559",2007,"SEA",88,33.88
"2560",2007,"SFG",71,NA
"2561",2007,"STL",78,NA
"2562",2007,"TBD",66,NA
"2563",2007,"TEX",75,17.95
"2564",2007,"TOR",83,46.89
"2565",2007,"WSN",73,NA
"2566",2008,"ARI",82,37.19
"2567",2008,"ATL",72,38.05
"2568",2008,"BAL",68,17.41
"2569",2008,"BOS",95,46.27
"2570",2008,"CHW",89,NA
"2571",2008,"CHC",97,NA
"2572",2008,"CIN",74,24.29
"2573",2008,"CLE",81,34.68
"2574",2008,"COL",74,20.79
"2575",2008,"DET",74,25.62
"2576",2008,"FLA",84,NA
"2577",2008,"HOU",86,26.31
"2578",2008,"KCR",75,NA
"2579",2008,"ANA",100,34.75
"2580",2008,"LAD",84,NA
"2581",2008,"MIL",90,41.29
"2582",2008,"MIN",88,34.45
"2583",2008,"NYY",89,NA
"2584",2008,"NYM",89,NA
"2585",2008,"OAK",75,28.15
"2586",2008,"PHI",92,41.07
"2587",2008,"PIT",67,10.44
"2588",2008,"SDP",63,NA
"2589",2008,"SEA",61,17.58
"2590",2008,"SFG",72,NA
"2591",2008,"STL",86,NA
"2592",2008,"TBD",97,NA
"2593",2008,"TEX",79,24.98
"2594",2008,"TOR",86,50.47
"2595",2008,"WSN",59,NA
"2596",2009,"ARI",70,32.72
"2597",2009,"ATL",86,52.74
"2598",2009,"BAL",64,6.65
"2599",2009,"BOS",95,39.1
"2600",2009,"CHW",79,NA
"2601",2009,"CHC",83,NA
"2602",2009,"CIN",78,26.25
"2603",2009,"CLE",65,20.53
"2604",2009,"COL",92,43.05
"2605",2009,"DET",86,29.39
"2606",2009,"FLA",87,NA
"2607",2009,"HOU",74,25.3
"2608",2009,"KCR",65,NA
"2609",2009,"ANA",97,37.03
"2610",2009,"LAD",95,NA
"2611",2009,"MIL",80,26.49
"2612",2009,"MIN",87,27.22
"2613",2009,"NYY",103,NA
"2614",2009,"NYM",70,NA
"2615",2009,"OAK",75,24.8
"2616",2009,"PHI",93,44.72
"2617",2009,"PIT",62,13.62
"2618",2009,"SDP",75,NA
"2619",2009,"SEA",85,27.95
"2620",2009,"SFG",88,NA
"2621",2009,"STL",91,NA
"2622",2009,"TBD",84,NA
"2623",2009,"TEX",87,28.31
"2624",2009,"TOR",75,30.94
"2625",2009,"WSN",59,NA
"2626",2010,"ARI",65,29.13
"2627",2010,"ATL",91,54.02
"2628",2010,"BAL",66,11.46
"2629",2010,"BOS",89,35.46
"2630",2010,"CHW",88,NA
"2631",2010,"CHC",75,NA
"2632",2010,"CIN",91,55.43
"2633",2010,"CLE",69,12.55
"2634",2010,"COL",83,37.63
"2635",2010,"DET",81,27.64
"2636",2010,"FLA",80,NA
"2637",2010,"HOU",76,26.24
"2638",2010,"KCR",67,NA
"2639",2010,"ANA",80,28.81
"2640",2010,"LAD",80,NA
"2641",2010,"MIL",77,37.94
"2642",2010,"MIN",94,31.06
"2643",2010,"NYY",95,NA
"2644",2010,"NYM",79,NA
"2645",2010,"OAK",81,32.28
"2646",2010,"PHI",97,47.85
"2647",2010,"PIT",57,3.26
"2648",2010,"SDP",90,NA
"2649",2010,"SEA",61,13.27
"2650",2010,"SFG",92,NA
"2651",2010,"STL",86,NA
"2652",2010,"TBD",96,NA
"2653",2010,"TEX",90,31.72
"2654",2010,"TOR",85,26.56
"2655",2010,"WSN",69,NA
"2656",2011,"ARI",94,34.74
"2657",2011,"ATL",89,41.45
"2658",2011,"BAL",69,13.4
"2659",2011,"BOS",90,40.47
"2660",2011,"CHW",79,NA
"2661",2011,"CHC",71,NA
"2662",2011,"CIN",79,31
"2663",2011,"CLE",80,16.87
"2664",2011,"COL",73,18.63
"2665",2011,"DET",95,33.64
"2666",2011,"FLA",72,NA
"2667",2011,"HOU",56,19.98
"2668",2011,"KCR",71,NA
"2669",2011,"ANA",86,36.77
"2670",2011,"LAD",82,NA
"2671",2011,"MIL",96,43.26
"2672",2011,"MIN",63,1.04
"2673",2011,"NYY",97,NA
"2674",2011,"NYM",77,NA
"2675",2011,"OAK",74,24.71
"2676",2011,"PHI",102,51.49
"2677",2011,"PIT",72,15.16
"2678",2011,"SDP",71,NA
"2679",2011,"SEA",67,23.32
"2680",2011,"SFG",86,NA
"2681",2011,"STL",90,NA
"2682",2011,"TBD",91,NA
"2683",2011,"TEX",96,42.07
"2684",2011,"TOR",81,24.82
"2685",2011,"WSN",80,NA
"2686",2012,"ARI",81,34.37
"2687",2012,"ATL",94,43.61
"2688",2012,"BAL",93,21.98
"2689",2012,"BOS",69,23.94
"2690",2012,"CHW",85,NA
"2691",2012,"CHC",61,NA
"2692",2012,"CIN",97,37.83
"2693",2012,"CLE",68,16.49
"2694",2012,"COL",64,4.8
"2695",2012,"DET",88,35.83
"2696",2012,"HOU",55,14.48
"2697",2012,"KCR",72,NA
"2698",2012,"ANA",89,47.82
"2699",2012,"LAD",86,NA
"2700",2012,"FLA",69,NA
"2701",2012,"MIL",83,31.71
"2702",2012,"MIN",66,10.31
"2703",2012,"NYY",95,NA
"2704",2012,"NYM",74,NA
"2705",2012,"OAK",94,37.5
"2706",2012,"PHI",81,38.5
"2707",2012,"PIT",79,29.01
"2708",2012,"SDP",76,NA
"2709",2012,"SEA",75,31.4
"2710",2012,"SFG",94,NA
"2711",2012,"STL",88,NA
"2712",2012,"TBD",90,NA
"2713",2012,"TEX",93,42.63
"2714",2012,"TOR",73,13.29
"2715",2012,"WSN",98,NA
"2716",2013,"ARI",81,25.66
"2717",2013,"ATL",96,41.19
"2718",2013,"BAL",85,29.46
"2719",2013,"BOS",97,51.43
"2720",2013,"CHW",63,NA
"2721",2013,"CHC",66,NA
"2722",2013,"CIN",90,42.67
"2723",2013,"CLE",92,45.21
"2724",2013,"COL",74,13.62
"2725",2013,"DET",93,54.68
"2726",2013,"HOU",51,3.23
"2727",2013,"KCR",86,NA
"2728",2013,"ANA",78,36.99
"2729",2013,"LAD",92,NA
"2730",2013,"FLA",62,NA
"2731",2013,"MIL",74,28.41
"2732",2013,"MIN",66,8.18
"2733",2013,"NYY",85,NA
"2734",2013,"NYM",74,NA
"2735",2013,"OAK",96,43.89
"2736",2013,"PHI",73,16.03
"2737",2013,"PIT",94,42.75
"2738",2013,"SDP",76,NA
"2739",2013,"SEA",71,27.95
"2740",2013,"SFG",76,NA
"2741",2013,"STL",97,NA
"2742",2013,"TBD",92,NA
"2743",2013,"TEX",91,41.62
"2744",2013,"TOR",74,24.58
"2745",2013,"WSN",86,NA
"2746",2014,"ARI",64,15.09
"2747",2014,"ATL",79,33.77
"2748",2014,"BAL",96,40.44
"2749",2014,"BOS",71,19.65
"2750",2014,"CHW",73,NA
"2751",2014,"CHC",73,NA
"2752",2014,"CIN",76,27.62
"2753",2014,"CLE",85,35.11
"2754",2014,"COL",66,8.79
"2755",2014,"DET",90,36.84
"2756",2014,"HOU",70,24.01
"2757",2014,"KCR",89,NA
"2758",2014,"ANA",98,47.82
"2759",2014,"LAD",94,NA
"2760",2014,"FLA",77,NA
"2761",2014,"MIL",82,32.71
"2762",2014,"MIN",70,16.36
"2763",2014,"NYY",84,NA
"2764",2014,"NYM",79,NA
"2765",2014,"OAK",88,38.05
"2766",2014,"PHI",73,24.74
"2767",2014,"PIT",88,49.96
"2768",2014,"SDP",77,NA
"2769",2014,"SEA",87,38.79
"2770",2014,"SFG",88,NA
"2771",2014,"STL",90,NA
"2772",2014,"TBD",77,NA
"2773",2014,"TEX",67,11.55
"2774",2014,"TOR",83,32.23
"2775",2014,"WSN",96,NA
"2776",2015,"ARI",79,33.61
"2777",2015,"ATL",67,19.02
"2778",2015,"BAL",81,24.75
"2779",2015,"BOS",78,25.45
"2780",2015,"CHW",76,NA
"2781",2015,"CHC",97,NA
"2782",2015,"CIN",64,28.88
"2783",2015,"CLE",81,40.42
"2784",2015,"COL",68,7.8
"2785",2015,"DET",74,16.73
"2786",2015,"HOU",86,43.32
"2787",2015,"KCR",95,NA
"2788",2015,"ANA",85,28.36
"2789",2015,"LAD",92,NA
"2790",2015,"FLA",71,NA
"2791",2015,"MIL",68,16.33
"2792",2015,"MIN",83,17.56
"2793",2015,"NYY",87,NA
"2794",2015,"NYM",90,NA
"2795",2015,"OAK",68,22.61
"2796",2015,"PHI",63,7.99
"2797",2015,"PIT",98,45.77
"2798",2015,"SDP",74,NA
"2799",2015,"SEA",76,32.06
"2800",2015,"SFG",84,NA
"2801",2015,"STL",100,NA
"2802",2015,"TBD",80,NA
"2803",2015,"TEX",88,28.22
"2804",2015,"TOR",93,44.32
"2805",2015,"WSN",83,NA
"2806",2016,"ARI",69,24.66
"2807",2016,"ATL",68,29.97
"2808",2016,"BAL",89,28.08
"2809",2016,"BOS",93,46.93
"2810",2016,"CHW",78,NA
"2811",2016,"CHC",103,NA
"2812",2016,"CIN",68,19.63
"2813",2016,"CLE",94,38.33
"2814",2016,"COL",75,24.49
"2815",2016,"DET",86,24.34
"2816",2016,"HOU",84,35.38
"2817",2016,"KCR",81,NA
"2818",2016,"ANA",74,14.85
"2819",2016,"LAD",91,NA
"2820",2016,"FLA",79,NA
"2821",2016,"MIL",73,26.42
"2822",2016,"MIN",59,11.78
"2823",2016,"NYY",84,NA
"2824",2016,"NYM",87,NA
"2825",2016,"OAK",69,21.95
"2826",2016,"PHI",71,22.48
"2827",2016,"PIT",78,30.45
"2828",2016,"SDP",68,NA
"2829",2016,"SEA",86,30.87
"2830",2016,"SFG",87,NA
"2831",2016,"STL",86,NA
"2832",2016,"TBD",68,NA
"2833",2016,"TEX",95,24.35
"2834",2016,"TOR",89,30.14
"2835",2016,"WSN",95,NA
